#
# There is insufficient memory for the Java Runtime Environment to continue.
# Native memory allocation (mmap) failed to map 41943040 bytes. Error detail: G1 virtual space
# Possible reasons:
#   The system is out of physical RAM or swap space
#   This process is running with CompressedOops enabled, and the Java Heap may be blocking the growth of the native heap
# Possible solutions:
#   Reduce memory load on the system
#   Increase physical memory or swap space
#   Check if swap backing store is full
#   Decrease Java heap size (-Xmx/-Xms)
#   Decrease number of Java threads
#   Decrease Java thread stack sizes (-Xss)
#   Set larger code cache with -XX:ReservedCodeCacheSize=
#   JVM is running with Unscaled Compressed Oops mode in which the Java heap is
#     placed in the first 4GB address space. The Java Heap base address is the
#     maximum limit for the native heap growth. Please use -XX:HeapBaseMinAddress
#     to set the Java Heap base and to place the Java Heap above 4GB virtual address.
# This output file may be truncated or incomplete.
#
#  Out of Memory Error (os_windows.cpp:3714), pid=8376, tid=3168
#
# JRE version: OpenJDK Runtime Environment Temurin-21.0.10+7 (21.0.10+7) (build 21.0.10+7-LTS)
# Java VM: OpenJDK 64-Bit Server VM Temurin-21.0.10+7 (21.0.10+7-LTS, mixed mode, sharing, tiered, compressed oops, compressed class ptrs, g1 gc, windows-amd64)
# No core dump will be written. Minidumps are not enabled by default on client versions of Windows
#

---------------  S U M M A R Y ------------

Command Line: --add-opens=java.base/java.lang=ALL-UNNAMED --add-opens=java.base/java.lang.invoke=ALL-UNNAMED --add-opens=java.base/java.util=ALL-UNNAMED --add-opens=java.prefs/java.util.prefs=ALL-UNNAMED --add-exports=jdk.compiler/com.sun.tools.javac.api=ALL-UNNAMED --add-exports=jdk.compiler/com.sun.tools.javac.util=ALL-UNNAMED --add-opens=java.base/java.util=ALL-UNNAMED --add-opens=java.prefs/java.util.prefs=ALL-UNNAMED --add-opens=java.base/java.nio.charset=ALL-UNNAMED --add-opens=java.base/java.net=ALL-UNNAMED --add-opens=java.base/java.util.concurrent.atomic=ALL-UNNAMED --add-opens=java.xml/javax.xml.namespace=ALL-UNNAMED -XX:MaxMetaspaceSize=512m -XX:+HeapDumpOnOutOfMemoryError -Xmx2048m -Dfile.encoding=UTF-8 -Duser.country=US -Duser.language=en -Duser.variant -javaagent:C:\Users\admin\.gradle\wrapper\dists\gradle-8.14-all\c2qonpi39x1mddn7hk5gh9iqj\gradle-8.14\lib\agents\gradle-instrumentation-agent-8.14.jar org.gradle.launcher.daemon.bootstrap.GradleDaemon 8.14

Host: Intel(R) Core(TM) i5-3470S CPU @ 2.90GHz, 4 cores, 7G,  Windows 10 , 64 bit Build 18362 (10.0.18362.1500)
Time: Sat May 30 19:10:27 2026 India Standard Time elapsed time: 81.035926 seconds (0d 0h 1m 21s)

---------------  T H R E A D  ---------------

Current thread (0x000001b0fd555880):  VMThread "VM Thread"          [id=3168, stack(0x0000008192600000,0x0000008192700000) (1024K)]

Stack: [0x0000008192600000,0x0000008192700000]
Native frames: (J=compiled Java code, j=interpreted, Vv=VM code, C=native code)
V  [jvm.dll+0x6d7a39]
V  [jvm.dll+0x8b4b26]
V  [jvm.dll+0x8b70de]
V  [jvm.dll+0x8b77c3]
V  [jvm.dll+0x284346]
V  [jvm.dll+0x6d4355]
V  [jvm.dll+0x6c808a]
V  [jvm.dll+0x35edb8]
V  [jvm.dll+0x3669f6]
V  [jvm.dll+0x3b7afe]
V  [jvm.dll+0x3b7da8]
V  [jvm.dll+0x332fbc]
V  [jvm.dll+0x3357d6]
V  [jvm.dll+0x33f7cd]
V  [jvm.dll+0x374e8f]
V  [jvm.dll+0x8bd4b0]
V  [jvm.dll+0x8be824]
V  [jvm.dll+0x8bed50]
V  [jvm.dll+0x8beff3]
V  [jvm.dll+0x85f59d]
V  [jvm.dll+0x6d626d]
C  [ucrtbase.dll+0x210b2]
C  [KERNEL32.DLL+0x17c24]
C  [ntdll.dll+0x6d721]

VM_Operation (0x00000081921ff810): G1PauseRemark, mode: safepoint, requested by thread 0x000001b0f5704690


---------------  P R O C E S S  ---------------

Threads class SMR info:
_java_thread_list=0x000001b0b97478c0, length=67, elements={
0x000001b0f569d300, 0x000001b0fd571890, 0x000001b0fd5724a0, 0x000001b0fd574270,
0x000001b0fd574cd0, 0x000001b0fd5758e0, 0x000001b0fd576ae0, 0x000001b0fd57d8b0,
0x000001b0fd57b850, 0x000001b0fd86e950, 0x000001b0fd893430, 0x000001b0feef7880,
0x000001b0ff1975d0, 0x000001b0ff144270, 0x000001b0fefaec70, 0x000001b0ff0a3cd0,
0x000001b0ff0a6430, 0x000001b0ff0a4360, 0x000001b0ff0a5710, 0x000001b0af6ddee0,
0x000001b0af6da3d0, 0x000001b0af6db780, 0x000001b0af6daa60, 0x000001b0af6e0640,
0x000001b0af6e1360, 0x000001b0afc94f30, 0x000001b0afc93b80, 0x000001b0afc97690,
0x000001b0afc90700, 0x000001b0afc91ab0, 0x000001b0af7b3ad0, 0x000001b0b1c76d20,
0x000001b0b1c7cf90, 0x000001b0b10cf650, 0x000001b0b1c7a830, 0x000001b0b1c7bbe0,
0x000001b0b1c79480, 0x000001b0b1c773b0, 0x000001b0b1c77a40, 0x000001b0afc962e0,
0x000001b0afc94210, 0x000001b0afc90d90, 0x000001b0afc91420, 0x000001b0afc96970,
0x000001b0afc95c50, 0x000001b0afc927d0, 0x000001b0afc90070, 0x000001b0af6dbe10,
0x000001b0af6dcb30, 0x000001b0af6dec00, 0x000001b0af6df290, 0x000001b0af6de570,
0x000001b0af6df920, 0x000001b0af6e0cd0, 0x000001b0b7d55e30, 0x000001b0b7d53040,
0x000001b0b7d51c90, 0x000001b0b7d564c0, 0x000001b0b7d53d60, 0x000001b0b7d55110,
0x000001b0b7d50250, 0x000001b0b7d57870, 0x000001b0b7d54a80, 0x000001b0b7d56b50,
0x000001b0b7d508e0, 0x000001b0b7d543f0, 0x000001b0b7d557a0
}

Java Threads: ( => current thread )
  0x000001b0f569d300 JavaThread "main"                              [_thread_blocked, id=9660, stack(0x0000008191f00000,0x0000008192000000) (1024K)]
  0x000001b0fd571890 JavaThread "Reference Handler"          daemon [_thread_blocked, id=5736, stack(0x0000008192700000,0x0000008192800000) (1024K)]
  0x000001b0fd5724a0 JavaThread "Finalizer"                  daemon [_thread_blocked, id=4060, stack(0x0000008192800000,0x0000008192900000) (1024K)]
  0x000001b0fd574270 JavaThread "Signal Dispatcher"          daemon [_thread_blocked, id=5744, stack(0x0000008192900000,0x0000008192a00000) (1024K)]
  0x000001b0fd574cd0 JavaThread "Attach Listener"            daemon [_thread_blocked, id=11436, stack(0x0000008192a00000,0x0000008192b00000) (1024K)]
  0x000001b0fd5758e0 JavaThread "Service Thread"             daemon [_thread_blocked, id=10512, stack(0x0000008192b00000,0x0000008192c00000) (1024K)]
  0x000001b0fd576ae0 JavaThread "Monitor Deflation Thread"   daemon [_thread_blocked, id=10596, stack(0x0000008192c00000,0x0000008192d00000) (1024K)]
  0x000001b0fd57d8b0 JavaThread "C2 CompilerThread0"         daemon [_thread_blocked, id=9504, stack(0x0000008192d00000,0x0000008192e00000) (1024K)]
  0x000001b0fd57b850 JavaThread "C1 CompilerThread0"         daemon [_thread_blocked, id=11840, stack(0x0000008192e00000,0x0000008192f00000) (1024K)]
  0x000001b0fd86e950 JavaThread "Common-Cleaner"             daemon [_thread_blocked, id=11748, stack(0x0000008192f00000,0x0000008193000000) (1024K)]
  0x000001b0fd893430 JavaThread "Notification Thread"        daemon [_thread_blocked, id=11192, stack(0x0000008193000000,0x0000008193100000) (1024K)]
  0x000001b0feef7880 JavaThread "Daemon health stats"               [_thread_blocked, id=10860, stack(0x0000008193300000,0x0000008193400000) (1024K)]
  0x000001b0ff1975d0 JavaThread "Incoming local TCP Connector on port 52862"        [_thread_in_native, id=11600, stack(0x0000008193600000,0x0000008193700000) (1024K)]
  0x000001b0ff144270 JavaThread "Daemon periodic checks"            [_thread_blocked, id=11524, stack(0x0000008193700000,0x0000008193800000) (1024K)]
  0x000001b0fefaec70 JavaThread "Daemon"                            [_thread_blocked, id=780, stack(0x0000008193500000,0x0000008193600000) (1024K)]
  0x000001b0ff0a3cd0 JavaThread "Daemon worker"                     [_thread_blocked, id=8564, stack(0x0000008193a00000,0x0000008193b00000) (1024K)]
  0x000001b0ff0a6430 JavaThread "Cache worker for journal cache (C:\Users\admin\.gradle\caches\journal-1)"        [_thread_blocked, id=5264, stack(0x0000008193e00000,0x0000008193f00000) (1024K)]
  0x000001b0ff0a4360 JavaThread "File lock request listener"        [_thread_in_native, id=9620, stack(0x0000008193f00000,0x0000008194000000) (1024K)]
  0x000001b0ff0a5710 JavaThread "Cache worker for file hash cache (C:\Users\admin\.gradle\caches\8.14\fileHashes)"        [_thread_blocked, id=11260, stack(0x0000008194100000,0x0000008194200000) (1024K)]
  0x000001b0af6ddee0 JavaThread "File watcher server"        daemon [_thread_in_native, id=11692, stack(0x0000008194400000,0x0000008194500000) (1024K)]
  0x000001b0af6da3d0 JavaThread "File watcher consumer"      daemon [_thread_blocked, id=128, stack(0x0000008194500000,0x0000008194600000) (1024K)]
  0x000001b0af6db780 JavaThread "jar transforms"                    [_thread_blocked, id=12116, stack(0x0000008194000000,0x0000008194100000) (1024K)]
  0x000001b0af6daa60 JavaThread "jar transforms Thread 2"           [_thread_blocked, id=10948, stack(0x0000008194700000,0x0000008194800000) (1024K)]
  0x000001b0af6e0640 JavaThread "Cache worker for file content cache (C:\Users\admin\.gradle\caches\8.14\fileContent)"        [_thread_blocked, id=8700, stack(0x0000008194600000,0x0000008194700000) (1024K)]
  0x000001b0af6e1360 JavaThread "Memory manager"                    [_thread_blocked, id=11444, stack(0x0000008195000000,0x0000008195100000) (1024K)]
  0x000001b0afc94f30 JavaThread "included builds"                   [_thread_blocked, id=11552, stack(0x0000008194c00000,0x0000008194d00000) (1024K)]
  0x000001b0afc93b80 JavaThread "RMI Scheduler(0)"           daemon [_thread_blocked, id=4864, stack(0x0000008195900000,0x0000008195a00000) (1024K)]
  0x000001b0afc97690 JavaThread "RMI GC Daemon"              daemon [_thread_blocked, id=7476, stack(0x0000008195b00000,0x0000008195c00000) (1024K)]
  0x000001b0afc90700 JavaThread "RMI TCP Accept-0"           daemon [_thread_in_native, id=10196, stack(0x0000008195c00000,0x0000008195d00000) (1024K)]
  0x000001b0afc91ab0 JavaThread "RMI Reaper"                        [_thread_blocked, id=11560, stack(0x0000008195d00000,0x0000008195e00000) (1024K)]
  0x000001b0af7b3ad0 JavaThread "RMI TCP Connection(idle)"   daemon [_thread_blocked, id=10964, stack(0x0000008195e00000,0x0000008195f00000) (1024K)]
  0x000001b0b1c76d20 JavaThread "jar transforms Thread 3"           [_thread_blocked, id=12192, stack(0x0000008196300000,0x0000008196400000) (1024K)]
  0x000001b0b1c7cf90 JavaThread "jar transforms Thread 4"           [_thread_blocked, id=11900, stack(0x0000008196900000,0x0000008196a00000) (1024K)]
  0x000001b0b10cf650 JavaThread "pool-3-thread-1"                   [_thread_blocked, id=1660, stack(0x0000008196f00000,0x0000008197000000) (1024K)]
  0x000001b0b1c7a830 JavaThread "VFS cleanup"                       [_thread_blocked, id=9720, stack(0x0000008191d00000,0x0000008191e00000) (1024K)]
  0x000001b0b1c7bbe0 JavaThread "Handler for socket connection from /127.0.0.1:52862 to /127.0.0.1:52975"        [_thread_in_native, id=7960, stack(0x0000008191e00000,0x0000008191f00000) (1024K)]
  0x000001b0b1c79480 JavaThread "Cancel handler"                    [_thread_blocked, id=3592, stack(0x0000008193800000,0x0000008193900000) (1024K)]
  0x000001b0b1c773b0 JavaThread "Asynchronous log dispatcher for DefaultDaemonConnection: socket connection from /127.0.0.1:52862 to /127.0.0.1:52975"        [_thread_blocked, id=1584, stack(0x0000008193900000,0x0000008193a00000) (1024K)]
  0x000001b0b1c77a40 JavaThread "Stdin handler"                     [_thread_blocked, id=10132, stack(0x0000008193b00000,0x0000008193c00000) (1024K)]
  0x000001b0afc962e0 JavaThread "Daemon client event forwarder"        [_thread_blocked, id=11452, stack(0x0000008193c00000,0x0000008193d00000) (1024K)]
  0x000001b0afc94210 JavaThread "Cache worker for file hash cache (C:\Users\admin\Desktop\Bigiluu-DMK\dmk_project\android\.gradle\8.14\fileHashes)"        [_thread_blocked, id=4072, stack(0x0000008193d00000,0x0000008193e00000) (1024K)]
  0x000001b0afc90d90 JavaThread "Cache worker for Build Output Cleanup Cache (C:\Users\admin\Desktop\Bigiluu-DMK\dmk_project\android\.gradle\buildOutputCleanup)"        [_thread_blocked, id=3664, stack(0x0000008194200000,0x0000008194300000) (1024K)]
  0x000001b0afc91420 JavaThread "Cache worker for checksums cache (C:\Users\admin\Desktop\Bigiluu-DMK\dmk_project\android\.gradle\8.14\checksums)"        [_thread_blocked, id=8320, stack(0x0000008194300000,0x0000008194400000) (1024K)]
  0x000001b0afc96970 JavaThread "Cache worker for cache directory md-supplier (C:\Users\admin\.gradle\caches\8.14\md-supplier)"        [_thread_blocked, id=8636, stack(0x0000008194800000,0x0000008194900000) (1024K)]
  0x000001b0afc95c50 JavaThread "Cache worker for cache directory md-rule (C:\Users\admin\.gradle\caches\8.14\md-rule)"        [_thread_blocked, id=6980, stack(0x0000008194900000,0x0000008194a00000) (1024K)]
  0x000001b0afc927d0 JavaThread "Cache worker for Build Output Cleanup Cache (C:\flutter\packages\flutter_tools\gradle\.gradle\buildOutputCleanup)"        [_thread_blocked, id=11720, stack(0x0000008194a00000,0x0000008194b00000) (1024K)]
  0x000001b0afc90070 JavaThread "Unconstrained build operations"        [_thread_blocked, id=11808, stack(0x0000008194b00000,0x0000008194c00000) (1024K)]
  0x000001b0af6dbe10 JavaThread "Unconstrained build operations Thread 2"        [_thread_blocked, id=1320, stack(0x0000008194d00000,0x0000008194e00000) (1024K)]
  0x000001b0af6dcb30 JavaThread "build event listener"              [_thread_blocked, id=8300, stack(0x0000008194e00000,0x0000008194f00000) (1024K)]
  0x000001b0af6dec00 JavaThread "included builds"                   [_thread_blocked, id=9328, stack(0x0000008194f00000,0x0000008195000000) (1024K)]
  0x000001b0af6df290 JavaThread "Execution worker"                  [_thread_blocked, id=11528, stack(0x0000008195100000,0x0000008195200000) (1024K)]
  0x000001b0af6de570 JavaThread "Cache worker for execution history cache (C:\flutter\packages\flutter_tools\gradle\.gradle\8.14\executionHistory)"        [_thread_blocked, id=5968, stack(0x0000008195200000,0x0000008195300000) (1024K)]
  0x000001b0af6df920 JavaThread "Unconstrained build operations Thread 3"        [_thread_blocked, id=11052, stack(0x0000008195300000,0x0000008195400000) (1024K)]
  0x000001b0af6e0cd0 JavaThread "Unconstrained build operations Thread 4"        [_thread_blocked, id=832, stack(0x0000008195400000,0x0000008195500000) (1024K)]
  0x000001b0b7d55e30 JavaThread "Unconstrained build operations Thread 5"        [_thread_blocked, id=3192, stack(0x0000008195500000,0x0000008195600000) (1024K)]
  0x000001b0b7d53040 JavaThread "Unconstrained build operations Thread 6"        [_thread_blocked, id=9956, stack(0x0000008195600000,0x0000008195700000) (1024K)]
  0x000001b0b7d51c90 JavaThread "Unconstrained build operations Thread 7"        [_thread_blocked, id=6668, stack(0x0000008195700000,0x0000008195800000) (1024K)]
  0x000001b0b7d564c0 JavaThread "build event listener"              [_thread_blocked, id=8156, stack(0x0000008195800000,0x0000008195900000) (1024K)]
  0x000001b0b7d53d60 JavaThread "Unconstrained build operations Thread 8"        [_thread_blocked, id=5056, stack(0x0000008191c00000,0x0000008191d00000) (1024K)]
  0x000001b0b7d55110 JavaThread "Unconstrained build operations Thread 9"        [_thread_blocked, id=11832, stack(0x0000008195a00000,0x0000008195b00000) (1024K)]
  0x000001b0b7d50250 JavaThread "Problems report writer"            [_thread_blocked, id=10932, stack(0x0000008196000000,0x0000008196100000) (1024K)]
  0x000001b0b7d57870 JavaThread "Unconstrained build operations Thread 10"        [_thread_blocked, id=7888, stack(0x0000008196100000,0x0000008196200000) (1024K)]
  0x000001b0b7d54a80 JavaThread "Unconstrained build operations Thread 11"        [_thread_blocked, id=10736, stack(0x0000008196400000,0x0000008196500000) (1024K)]
  0x000001b0b7d56b50 JavaThread "Unconstrained build operations Thread 12"        [_thread_blocked, id=1028, stack(0x0000008196600000,0x0000008196700000) (1024K)]
  0x000001b0b7d508e0 JavaThread "Unconstrained build operations Thread 13"        [_thread_blocked, id=11752, stack(0x0000008196700000,0x0000008196800000) (1024K)]
  0x000001b0b7d543f0 JavaThread "Unconstrained build operations Thread 14"        [_thread_blocked, id=12052, stack(0x0000008196800000,0x0000008196900000) (1024K)]
  0x000001b0b7d557a0 JavaThread "Unconstrained build operations Thread 15"        [_thread_blocked, id=9940, stack(0x0000008196a00000,0x0000008196b00000) (1024K)]
Total: 67

Other Threads:
=>0x000001b0fd555880 VMThread "VM Thread"                           [id=3168, stack(0x0000008192600000,0x0000008192700000) (1024K)]
  0x000001b0fd542500 WatcherThread "VM Periodic Task Thread"        [id=12228, stack(0x0000008192500000,0x0000008192600000) (1024K)]
  0x000001b0f56f3740 WorkerThread "GC Thread#0"                     [id=8448, stack(0x0000008192000000,0x0000008192100000) (1024K)]
  0x000001b0fd8b1a90 WorkerThread "GC Thread#1"                     [id=4920, stack(0x0000008193100000,0x0000008193200000) (1024K)]
  0x000001b0fd8b1e40 WorkerThread "GC Thread#2"                     [id=8016, stack(0x0000008193200000,0x0000008193300000) (1024K)]
  0x000001b0fe3a07e0 WorkerThread "GC Thread#3"                     [id=9904, stack(0x0000008193400000,0x0000008193500000) (1024K)]
  0x000001b0f5704690 ConcurrentGCThread "G1 Main Marker"            [id=10520, stack(0x0000008192100000,0x0000008192200000) (1024K)]
  0x000001b0f57056f0 WorkerThread "G1 Conc#0"                       [id=12168, stack(0x0000008192200000,0x0000008192300000) (1024K)]
  0x000001b0f575ead0 ConcurrentGCThread "G1 Refine#0"               [id=11020, stack(0x0000008192300000,0x0000008192400000) (1024K)]
  0x000001b0fd404cf0 ConcurrentGCThread "G1 Service"                [id=3364, stack(0x0000008192400000,0x0000008192500000) (1024K)]
Total: 10

Threads with active compile tasks:
C2 CompilerThread0  81077 19637       4       com.android.build.gradle.internal.cxx.settings.NameTable::environments (605 bytes)
Total: 1

VM state: at safepoint (normal execution)

VM Mutex/Monitor currently owned by a thread:  ([mutex/lock_event])
[0x00007ff891e5e560] Threads_lock - owner thread: 0x000001b0fd555880
[0x00007ff891e5e660] Heap_lock - owner thread: 0x000001b0f5704690

Heap address: 0x0000000080000000, size: 2048 MB, Compressed Oops mode: 32-bit

CDS archive(s) mapped at: [0x000001b08f000000-0x000001b08fba0000-0x000001b08fba0000), size 12189696, SharedBaseAddress: 0x000001b08f000000, ArchiveRelocationMode: 1.
Compressed class space mapped at: 0x000001b090000000-0x000001b0aa000000, reserved size: 436207616
Narrow klass base: 0x000001b08f000000, Narrow klass shift: 0, Narrow klass range: 0x100000000

GC Precious Log:
 CardTable entry size: 512
 Card Set container configuration: InlinePtr #cards 5 size 8 Array Of Cards #cards 12 size 40 Howl #buckets 4 coarsen threshold 1843 Howl Bitmap #cards 512 size 80 coarsen threshold 460 Card regions per heap region 1 cards per card region 2048
 CPUs: 4 total, 4 available
 Memory: 8079M
 Large Page Support: Disabled
 NUMA Support: Disabled
 Compressed Oops: Enabled (32-bit)
 Heap Region Size: 1M
 Heap Min Capacity: 8M
 Heap Initial Capacity: 128M
 Heap Max Capacity: 2G
 Pre-touch: Disabled
 Parallel Workers: 4
 Concurrent Workers: 1
 Concurrent Refinement Workers: 4
 Periodic GC: Disabled

Heap:
 garbage-first heap   total 404480K, used 286208K [0x0000000080000000, 0x0000000100000000)
  region size 1024K, 37 young (37888K), 17 survivors (17408K)
 Metaspace       used 125101K, committed 128000K, reserved 557056K
  class space    used 17083K, committed 18496K, reserved 425984K

Heap Regions: E=young(eden), S=young(survivor), O=old, HS=humongous(starts), HC=humongous(continues), CS=collection set, F=free, TAMS=top-at-mark-start, PB=parsable bottom
|   0|0x0000000080000000, 0x0000000080100000, 0x0000000080100000|100%|HS|  |TAMS 0x0000000080100000| PB 0x0000000080000000| Complete 
|   1|0x0000000080100000, 0x0000000080200000, 0x0000000080200000|100%|HC|  |TAMS 0x0000000080200000| PB 0x0000000080100000| Complete 
|   2|0x0000000080200000, 0x0000000080300000, 0x0000000080300000|100%|HC|  |TAMS 0x0000000080300000| PB 0x0000000080200000| Complete 
|   3|0x0000000080300000, 0x0000000080400000, 0x0000000080400000|100%| O|  |TAMS 0x0000000080400000| PB 0x0000000080400000| Untracked 
|   4|0x0000000080400000, 0x0000000080500000, 0x0000000080500000|100%| O|  |TAMS 0x0000000080500000| PB 0x0000000080500000| Untracked 
|   5|0x0000000080500000, 0x0000000080600000, 0x0000000080600000|100%| O|  |TAMS 0x0000000080600000| PB 0x0000000080600000| Untracked 
|   6|0x0000000080600000, 0x0000000080700000, 0x0000000080700000|100%|HS|  |TAMS 0x0000000080700000| PB 0x0000000080600000| Complete 
|   7|0x0000000080700000, 0x0000000080800000, 0x0000000080800000|100%| O|  |TAMS 0x0000000080800000| PB 0x0000000080800000| Untracked 
|   8|0x0000000080800000, 0x0000000080900000, 0x0000000080900000|100%| O|  |TAMS 0x0000000080900000| PB 0x0000000080900000| Untracked 
|   9|0x0000000080900000, 0x0000000080a00000, 0x0000000080a00000|100%| O|  |TAMS 0x0000000080a00000| PB 0x0000000080a00000| Untracked 
|  10|0x0000000080a00000, 0x0000000080b00000, 0x0000000080b00000|100%| O|  |TAMS 0x0000000080b00000| PB 0x0000000080b00000| Untracked 
|  11|0x0000000080b00000, 0x0000000080c00000, 0x0000000080c00000|100%| O|  |TAMS 0x0000000080c00000| PB 0x0000000080c00000| Untracked 
|  12|0x0000000080c00000, 0x0000000080d00000, 0x0000000080d00000|100%| O|  |TAMS 0x0000000080d00000| PB 0x0000000080d00000| Untracked 
|  13|0x0000000080d00000, 0x0000000080e00000, 0x0000000080e00000|100%| O|  |TAMS 0x0000000080e00000| PB 0x0000000080e00000| Untracked 
|  14|0x0000000080e00000, 0x0000000080f00000, 0x0000000080f00000|100%| O|  |TAMS 0x0000000080f00000| PB 0x0000000080f00000| Updating 
|  15|0x0000000080f00000, 0x0000000081000000, 0x0000000081000000|100%| O|  |TAMS 0x0000000081000000| PB 0x0000000081000000| Untracked 
|  16|0x0000000081000000, 0x0000000081100000, 0x0000000081100000|100%| O|  |TAMS 0x0000000081100000| PB 0x0000000081100000| Updating 
|  17|0x0000000081100000, 0x0000000081200000, 0x0000000081200000|100%| O|  |TAMS 0x0000000081200000| PB 0x0000000081200000| Updating 
|  18|0x0000000081200000, 0x0000000081300000, 0x0000000081300000|100%| O|  |TAMS 0x0000000081300000| PB 0x0000000081300000| Untracked 
|  19|0x0000000081300000, 0x0000000081400000, 0x0000000081400000|100%| O|  |TAMS 0x0000000081400000| PB 0x0000000081400000| Untracked 
|  20|0x0000000081400000, 0x0000000081500000, 0x0000000081500000|100%| O|  |TAMS 0x0000000081500000| PB 0x0000000081500000| Untracked 
|  21|0x0000000081500000, 0x0000000081600000, 0x0000000081600000|100%| O|  |TAMS 0x0000000081600000| PB 0x0000000081600000| Untracked 
|  22|0x0000000081600000, 0x0000000081700000, 0x0000000081700000|100%| O|  |TAMS 0x0000000081700000| PB 0x0000000081700000| Updating 
|  23|0x0000000081700000, 0x0000000081800000, 0x0000000081800000|100%| O|  |TAMS 0x0000000081800000| PB 0x0000000081800000| Updating 
|  24|0x0000000081800000, 0x0000000081900000, 0x0000000081900000|100%| O|  |TAMS 0x0000000081900000| PB 0x0000000081900000| Updating 
|  25|0x0000000081900000, 0x0000000081a00000, 0x0000000081a00000|100%| O|  |TAMS 0x0000000081a00000| PB 0x0000000081a00000| Untracked 
|  26|0x0000000081a00000, 0x0000000081b00000, 0x0000000081b00000|100%| O|  |TAMS 0x0000000081b00000| PB 0x0000000081b00000| Untracked 
|  27|0x0000000081b00000, 0x0000000081c00000, 0x0000000081c00000|100%| O|  |TAMS 0x0000000081c00000| PB 0x0000000081c00000| Untracked 
|  28|0x0000000081c00000, 0x0000000081d00000, 0x0000000081d00000|100%| O|  |TAMS 0x0000000081d00000| PB 0x0000000081d00000| Untracked 
|  29|0x0000000081d00000, 0x0000000081e00000, 0x0000000081e00000|100%| O|  |TAMS 0x0000000081e00000| PB 0x0000000081e00000| Untracked 
|  30|0x0000000081e00000, 0x0000000081f00000, 0x0000000081f00000|100%| O|  |TAMS 0x0000000081f00000| PB 0x0000000081f00000| Untracked 
|  31|0x0000000081f00000, 0x0000000082000000, 0x0000000082000000|100%| O|  |TAMS 0x0000000082000000| PB 0x0000000082000000| Untracked 
|  32|0x0000000082000000, 0x0000000082100000, 0x0000000082100000|100%| O|  |TAMS 0x0000000082100000| PB 0x0000000082100000| Untracked 
|  33|0x0000000082100000, 0x0000000082200000, 0x0000000082200000|100%| O|  |TAMS 0x0000000082200000| PB 0x0000000082200000| Untracked 
|  34|0x0000000082200000, 0x0000000082300000, 0x0000000082300000|100%| O|  |TAMS 0x0000000082300000| PB 0x0000000082300000| Untracked 
|  35|0x0000000082300000, 0x0000000082400000, 0x0000000082400000|100%| O|  |TAMS 0x0000000082400000| PB 0x0000000082400000| Updating 
|  36|0x0000000082400000, 0x0000000082500000, 0x0000000082500000|100%| O|  |TAMS 0x0000000082500000| PB 0x0000000082500000| Untracked 
|  37|0x0000000082500000, 0x0000000082600000, 0x0000000082600000|100%|HS|  |TAMS 0x0000000082600000| PB 0x0000000082500000| Complete 
|  38|0x0000000082600000, 0x0000000082700000, 0x0000000082700000|100%|HC|  |TAMS 0x0000000082700000| PB 0x0000000082600000| Complete 
|  39|0x0000000082700000, 0x0000000082800000, 0x0000000082800000|100%| O|  |TAMS 0x0000000082800000| PB 0x0000000082800000| Updating 
|  40|0x0000000082800000, 0x0000000082900000, 0x0000000082900000|100%| O|  |TAMS 0x0000000082900000| PB 0x0000000082900000| Untracked 
|  41|0x0000000082900000, 0x0000000082a00000, 0x0000000082a00000|100%|HS|  |TAMS 0x0000000082a00000| PB 0x0000000082900000| Complete 
|  42|0x0000000082a00000, 0x0000000082b00000, 0x0000000082b00000|100%|HC|  |TAMS 0x0000000082b00000| PB 0x0000000082a00000| Complete 
|  43|0x0000000082b00000, 0x0000000082c00000, 0x0000000082c00000|100%| O|  |TAMS 0x0000000082c00000| PB 0x0000000082c00000| Untracked 
|  44|0x0000000082c00000, 0x0000000082d00000, 0x0000000082d00000|100%|HS|  |TAMS 0x0000000082d00000| PB 0x0000000082c00000| Complete 
|  45|0x0000000082d00000, 0x0000000082e00000, 0x0000000082e00000|100%|HC|  |TAMS 0x0000000082e00000| PB 0x0000000082d00000| Complete 
|  46|0x0000000082e00000, 0x0000000082f00000, 0x0000000082f00000|100%|HC|  |TAMS 0x0000000082f00000| PB 0x0000000082e00000| Complete 
|  47|0x0000000082f00000, 0x0000000083000000, 0x0000000083000000|100%| O|  |TAMS 0x0000000083000000| PB 0x0000000083000000| Untracked 
|  48|0x0000000083000000, 0x0000000083100000, 0x0000000083100000|100%| O|  |TAMS 0x0000000083100000| PB 0x0000000083100000| Updating 
|  49|0x0000000083100000, 0x0000000083200000, 0x0000000083200000|100%| O|  |TAMS 0x0000000083200000| PB 0x0000000083200000| Updating 
|  50|0x0000000083200000, 0x0000000083300000, 0x0000000083300000|100%| O|  |TAMS 0x0000000083300000| PB 0x0000000083300000| Untracked 
|  51|0x0000000083300000, 0x0000000083400000, 0x0000000083400000|100%| O|  |TAMS 0x0000000083400000| PB 0x0000000083400000| Untracked 
|  52|0x0000000083400000, 0x0000000083500000, 0x0000000083500000|100%| O|  |TAMS 0x0000000083500000| PB 0x0000000083500000| Updating 
|  53|0x0000000083500000, 0x0000000083600000, 0x0000000083600000|100%| O|  |TAMS 0x0000000083600000| PB 0x0000000083600000| Untracked 
|  54|0x0000000083600000, 0x0000000083700000, 0x0000000083700000|100%|HS|  |TAMS 0x0000000083700000| PB 0x0000000083600000| Complete 
|  55|0x0000000083700000, 0x0000000083800000, 0x0000000083800000|100%|HC|  |TAMS 0x0000000083800000| PB 0x0000000083700000| Complete 
|  56|0x0000000083800000, 0x0000000083900000, 0x0000000083900000|100%|HC|  |TAMS 0x0000000083900000| PB 0x0000000083800000| Complete 
|  57|0x0000000083900000, 0x0000000083a00000, 0x0000000083a00000|100%| O|  |TAMS 0x0000000083a00000| PB 0x0000000083a00000| Untracked 
|  58|0x0000000083a00000, 0x0000000083b00000, 0x0000000083b00000|100%| O|  |TAMS 0x0000000083b00000| PB 0x0000000083b00000| Updating 
|  59|0x0000000083b00000, 0x0000000083c00000, 0x0000000083c00000|100%| O|  |TAMS 0x0000000083c00000| PB 0x0000000083c00000| Untracked 
|  60|0x0000000083c00000, 0x0000000083d00000, 0x0000000083d00000|100%| O|  |TAMS 0x0000000083d00000| PB 0x0000000083d00000| Updating 
|  61|0x0000000083d00000, 0x0000000083e00000, 0x0000000083e00000|100%| O|  |TAMS 0x0000000083e00000| PB 0x0000000083e00000| Updating 
|  62|0x0000000083e00000, 0x0000000083f00000, 0x0000000083f00000|100%| O|  |TAMS 0x0000000083f00000| PB 0x0000000083f00000| Untracked 
|  63|0x0000000083f00000, 0x0000000084000000, 0x0000000084000000|100%| O|  |TAMS 0x0000000084000000| PB 0x0000000084000000| Updating 
|  64|0x0000000084000000, 0x0000000084100000, 0x0000000084100000|100%| O|  |TAMS 0x0000000084100000| PB 0x0000000084100000| Untracked 
|  65|0x0000000084100000, 0x0000000084200000, 0x0000000084200000|100%| O|  |TAMS 0x0000000084200000| PB 0x0000000084200000| Untracked 
|  66|0x0000000084200000, 0x0000000084300000, 0x0000000084300000|100%| O|  |TAMS 0x0000000084300000| PB 0x0000000084300000| Updating 
|  67|0x0000000084300000, 0x0000000084400000, 0x0000000084400000|100%| O|  |TAMS 0x0000000084400000| PB 0x0000000084400000| Updating 
|  68|0x0000000084400000, 0x0000000084500000, 0x0000000084500000|100%| O|  |TAMS 0x0000000084500000| PB 0x0000000084500000| Updating 
|  69|0x0000000084500000, 0x0000000084600000, 0x0000000084600000|100%| O|  |TAMS 0x0000000084600000| PB 0x0000000084600000| Untracked 
|  70|0x0000000084600000, 0x0000000084700000, 0x0000000084700000|100%| O|  |TAMS 0x0000000084700000| PB 0x0000000084700000| Untracked 
|  71|0x0000000084700000, 0x0000000084800000, 0x0000000084800000|100%| O|  |TAMS 0x0000000084800000| PB 0x0000000084800000| Updating 
|  72|0x0000000084800000, 0x0000000084900000, 0x0000000084900000|100%| O|  |TAMS 0x0000000084900000| PB 0x0000000084900000| Untracked 
|  73|0x0000000084900000, 0x0000000084a00000, 0x0000000084a00000|100%| O|  |TAMS 0x0000000084a00000| PB 0x0000000084a00000| Untracked 
|  74|0x0000000084a00000, 0x0000000084b00000, 0x0000000084b00000|100%| O|  |TAMS 0x0000000084b00000| PB 0x0000000084b00000| Untracked 
|  75|0x0000000084b00000, 0x0000000084c00000, 0x0000000084c00000|100%| O|  |TAMS 0x0000000084c00000| PB 0x0000000084c00000| Untracked 
|  76|0x0000000084c00000, 0x0000000084d00000, 0x0000000084d00000|100%| O|  |TAMS 0x0000000084d00000| PB 0x0000000084d00000| Untracked 
|  77|0x0000000084d00000, 0x0000000084e00000, 0x0000000084e00000|100%| O|  |TAMS 0x0000000084e00000| PB 0x0000000084e00000| Untracked 
|  78|0x0000000084e00000, 0x0000000084f00000, 0x0000000084f00000|100%| O|  |TAMS 0x0000000084f00000| PB 0x0000000084f00000| Untracked 
|  79|0x0000000084f00000, 0x0000000085000000, 0x0000000085000000|100%|HS|  |TAMS 0x0000000085000000| PB 0x0000000084f00000| Complete 
|  80|0x0000000085000000, 0x0000000085100000, 0x0000000085100000|100%|HS|  |TAMS 0x0000000085100000| PB 0x0000000085000000| Complete 
|  81|0x0000000085100000, 0x0000000085200000, 0x0000000085200000|100%|HS|  |TAMS 0x0000000085200000| PB 0x0000000085100000| Complete 
|  82|0x0000000085200000, 0x0000000085300000, 0x0000000085300000|100%|HC|  |TAMS 0x0000000085300000| PB 0x0000000085200000| Complete 
|  83|0x0000000085300000, 0x0000000085400000, 0x0000000085400000|100%|HS|  |TAMS 0x0000000085400000| PB 0x0000000085300000| Complete 
|  84|0x0000000085400000, 0x0000000085500000, 0x0000000085500000|100%|HS|  |TAMS 0x0000000085500000| PB 0x0000000085400000| Complete 
|  85|0x0000000085500000, 0x0000000085600000, 0x0000000085600000|100%|HS|  |TAMS 0x0000000085600000| PB 0x0000000085500000| Complete 
|  86|0x0000000085600000, 0x0000000085700000, 0x0000000085700000|100%|HS|  |TAMS 0x0000000085700000| PB 0x0000000085600000| Complete 
|  87|0x0000000085700000, 0x0000000085800000, 0x0000000085800000|100%|HC|  |TAMS 0x0000000085800000| PB 0x0000000085700000| Complete 
|  88|0x0000000085800000, 0x0000000085900000, 0x0000000085900000|100%| O|  |TAMS 0x0000000085900000| PB 0x0000000085900000| Updating 
|  89|0x0000000085900000, 0x0000000085a00000, 0x0000000085a00000|100%| O|  |TAMS 0x0000000085a00000| PB 0x0000000085a00000| Untracked 
|  90|0x0000000085a00000, 0x0000000085b00000, 0x0000000085b00000|100%| O|  |TAMS 0x0000000085b00000| PB 0x0000000085b00000| Untracked 
|  91|0x0000000085b00000, 0x0000000085c00000, 0x0000000085c00000|100%| O|  |TAMS 0x0000000085c00000| PB 0x0000000085c00000| Untracked 
|  92|0x0000000085c00000, 0x0000000085d00000, 0x0000000085d00000|100%|HS|  |TAMS 0x0000000085d00000| PB 0x0000000085c00000| Complete 
|  93|0x0000000085d00000, 0x0000000085e00000, 0x0000000085e00000|100%| O|  |TAMS 0x0000000085e00000| PB 0x0000000085e00000| Untracked 
|  94|0x0000000085e00000, 0x0000000085f00000, 0x0000000085f00000|100%|HS|  |TAMS 0x0000000085f00000| PB 0x0000000085e00000| Complete 
|  95|0x0000000085f00000, 0x0000000086000000, 0x0000000086000000|100%| O|  |TAMS 0x0000000086000000| PB 0x0000000086000000| Untracked 
|  96|0x0000000086000000, 0x0000000086100000, 0x0000000086100000|100%| O|  |TAMS 0x0000000086100000| PB 0x0000000086100000| Untracked 
|  97|0x0000000086100000, 0x0000000086200000, 0x0000000086200000|100%| O|  |TAMS 0x0000000086200000| PB 0x0000000086200000| Untracked 
|  98|0x0000000086200000, 0x0000000086300000, 0x0000000086300000|100%|HS|  |TAMS 0x0000000086300000| PB 0x0000000086200000| Complete 
|  99|0x0000000086300000, 0x0000000086400000, 0x0000000086400000|100%|HS|  |TAMS 0x0000000086400000| PB 0x0000000086300000| Complete 
| 100|0x0000000086400000, 0x0000000086500000, 0x0000000086500000|100%|HC|  |TAMS 0x0000000086500000| PB 0x0000000086400000| Complete 
| 101|0x0000000086500000, 0x0000000086600000, 0x0000000086600000|100%| O|  |TAMS 0x0000000086600000| PB 0x0000000086600000| Updating 
| 102|0x0000000086600000, 0x0000000086700000, 0x0000000086700000|100%| O|  |TAMS 0x0000000086700000| PB 0x0000000086700000| Updating 
| 103|0x0000000086700000, 0x0000000086800000, 0x0000000086800000|100%| O|  |TAMS 0x0000000086800000| PB 0x0000000086800000| Untracked 
| 104|0x0000000086800000, 0x0000000086900000, 0x0000000086900000|100%| O|  |TAMS 0x0000000086900000| PB 0x0000000086900000| Untracked 
| 105|0x0000000086900000, 0x0000000086a00000, 0x0000000086a00000|100%| O|  |TAMS 0x0000000086a00000| PB 0x0000000086a00000| Untracked 
| 106|0x0000000086a00000, 0x0000000086b00000, 0x0000000086b00000|100%| O|  |TAMS 0x0000000086b00000| PB 0x0000000086b00000| Untracked 
| 107|0x0000000086b00000, 0x0000000086c00000, 0x0000000086c00000|100%| O|  |TAMS 0x0000000086c00000| PB 0x0000000086c00000| Untracked 
| 108|0x0000000086c00000, 0x0000000086d00000, 0x0000000086d00000|100%| O|  |TAMS 0x0000000086d00000| PB 0x0000000086d00000| Updating 
| 109|0x0000000086d00000, 0x0000000086e00000, 0x0000000086e00000|100%| O|  |TAMS 0x0000000086e00000| PB 0x0000000086e00000| Untracked 
| 110|0x0000000086e00000, 0x0000000086f00000, 0x0000000086f00000|100%|HS|  |TAMS 0x0000000086f00000| PB 0x0000000086e00000| Complete 
| 111|0x0000000086f00000, 0x0000000087000000, 0x0000000087000000|100%| O|  |TAMS 0x0000000087000000| PB 0x0000000087000000| Untracked 
| 112|0x0000000087000000, 0x0000000087100000, 0x0000000087100000|100%| O|  |TAMS 0x0000000087100000| PB 0x0000000087100000| Untracked 
| 113|0x0000000087100000, 0x0000000087200000, 0x0000000087200000|100%| O|  |TAMS 0x0000000087200000| PB 0x0000000087200000| Updating 
| 114|0x0000000087200000, 0x0000000087300000, 0x0000000087300000|100%| O|  |TAMS 0x0000000087300000| PB 0x0000000087300000| Untracked 
| 115|0x0000000087300000, 0x0000000087400000, 0x0000000087400000|100%| O|  |TAMS 0x0000000087400000| PB 0x0000000087400000| Untracked 
| 116|0x0000000087400000, 0x0000000087500000, 0x0000000087500000|100%| O|  |TAMS 0x0000000087500000| PB 0x0000000087500000| Untracked 
| 117|0x0000000087500000, 0x0000000087600000, 0x0000000087600000|100%| O|  |TAMS 0x0000000087600000| PB 0x0000000087600000| Untracked 
| 118|0x0000000087600000, 0x0000000087700000, 0x0000000087700000|100%| O|  |TAMS 0x0000000087700000| PB 0x0000000087700000| Untracked 
| 119|0x0000000087700000, 0x0000000087800000, 0x0000000087800000|100%| O|  |TAMS 0x0000000087800000| PB 0x0000000087800000| Untracked 
| 120|0x0000000087800000, 0x0000000087900000, 0x0000000087900000|100%| O|  |TAMS 0x0000000087900000| PB 0x0000000087900000| Untracked 
| 121|0x0000000087900000, 0x0000000087a00000, 0x0000000087a00000|100%| O|  |TAMS 0x0000000087a00000| PB 0x0000000087a00000| Untracked 
| 122|0x0000000087a00000, 0x0000000087b00000, 0x0000000087b00000|100%| O|  |TAMS 0x0000000087b00000| PB 0x0000000087b00000| Updating 
| 123|0x0000000087b00000, 0x0000000087c00000, 0x0000000087c00000|100%| O|  |TAMS 0x0000000087c00000| PB 0x0000000087c00000| Untracked 
| 124|0x0000000087c00000, 0x0000000087d00000, 0x0000000087d00000|100%| O|  |TAMS 0x0000000087d00000| PB 0x0000000087d00000| Untracked 
| 125|0x0000000087d00000, 0x0000000087e00000, 0x0000000087e00000|100%| O|  |TAMS 0x0000000087e00000| PB 0x0000000087e00000| Untracked 
| 126|0x0000000087e00000, 0x0000000087f00000, 0x0000000087f00000|100%| O|  |TAMS 0x0000000087f00000| PB 0x0000000087f00000| Untracked 
| 127|0x0000000087f00000, 0x0000000088000000, 0x0000000088000000|100%| O|  |TAMS 0x0000000088000000| PB 0x0000000088000000| Untracked 
| 128|0x0000000088000000, 0x0000000088100000, 0x0000000088100000|100%| O|  |TAMS 0x0000000088100000| PB 0x0000000088100000| Untracked 
| 129|0x0000000088100000, 0x0000000088200000, 0x0000000088200000|100%| O|  |TAMS 0x0000000088200000| PB 0x0000000088200000| Untracked 
| 130|0x0000000088200000, 0x0000000088300000, 0x0000000088300000|100%|HS|  |TAMS 0x0000000088300000| PB 0x0000000088200000| Complete 
| 131|0x0000000088300000, 0x0000000088400000, 0x0000000088400000|100%|HS|  |TAMS 0x0000000088400000| PB 0x0000000088300000| Complete 
| 132|0x0000000088400000, 0x0000000088500000, 0x0000000088500000|100%|HC|  |TAMS 0x0000000088500000| PB 0x0000000088400000| Complete 
| 133|0x0000000088500000, 0x0000000088600000, 0x0000000088600000|100%|HC|  |TAMS 0x0000000088600000| PB 0x0000000088500000| Complete 
| 134|0x0000000088600000, 0x0000000088700000, 0x0000000088700000|100%|HC|  |TAMS 0x0000000088700000| PB 0x0000000088600000| Complete 
| 135|0x0000000088700000, 0x0000000088800000, 0x0000000088800000|100%|HS|  |TAMS 0x0000000088800000| PB 0x0000000088700000| Complete 
| 136|0x0000000088800000, 0x0000000088900000, 0x0000000088900000|100%| O|  |TAMS 0x0000000088900000| PB 0x0000000088900000| Untracked 
| 137|0x0000000088900000, 0x0000000088a00000, 0x0000000088a00000|100%| O|  |TAMS 0x0000000088a00000| PB 0x0000000088a00000| Untracked 
| 138|0x0000000088a00000, 0x0000000088b00000, 0x0000000088b00000|100%| O|  |TAMS 0x0000000088b00000| PB 0x0000000088b00000| Untracked 
| 139|0x0000000088b00000, 0x0000000088c00000, 0x0000000088c00000|100%| O|  |TAMS 0x0000000088c00000| PB 0x0000000088c00000| Untracked 
| 140|0x0000000088c00000, 0x0000000088d00000, 0x0000000088d00000|100%| O|  |TAMS 0x0000000088d00000| PB 0x0000000088d00000| Untracked 
| 141|0x0000000088d00000, 0x0000000088e00000, 0x0000000088e00000|100%|HS|  |TAMS 0x0000000088e00000| PB 0x0000000088d00000| Complete 
| 142|0x0000000088e00000, 0x0000000088f00000, 0x0000000088f00000|100%|HS|  |TAMS 0x0000000088f00000| PB 0x0000000088e00000| Complete 
| 143|0x0000000088f00000, 0x0000000089000000, 0x0000000089000000|100%| O|  |TAMS 0x0000000089000000| PB 0x0000000089000000| Untracked 
| 144|0x0000000089000000, 0x0000000089100000, 0x0000000089100000|100%| O|  |TAMS 0x0000000089100000| PB 0x0000000089100000| Untracked 
| 145|0x0000000089100000, 0x0000000089200000, 0x0000000089200000|100%| O|  |TAMS 0x0000000089200000| PB 0x0000000089200000| Untracked 
| 146|0x0000000089200000, 0x0000000089300000, 0x0000000089300000|100%| O|  |TAMS 0x0000000089300000| PB 0x0000000089300000| Untracked 
| 147|0x0000000089300000, 0x0000000089400000, 0x0000000089400000|100%| O|  |TAMS 0x0000000089400000| PB 0x0000000089400000| Untracked 
| 148|0x0000000089400000, 0x0000000089500000, 0x0000000089500000|100%| O|  |TAMS 0x0000000089500000| PB 0x0000000089500000| Untracked 
| 149|0x0000000089500000, 0x0000000089600000, 0x0000000089600000|100%| O|  |TAMS 0x0000000089600000| PB 0x0000000089600000| Untracked 
| 150|0x0000000089600000, 0x0000000089700000, 0x0000000089700000|100%| O|  |TAMS 0x0000000089600000| PB 0x0000000089600000| Untracked 
| 151|0x0000000089700000, 0x0000000089800000, 0x0000000089800000|100%| O|  |TAMS 0x0000000089800000| PB 0x0000000089800000| Untracked 
| 152|0x0000000089800000, 0x0000000089900000, 0x0000000089900000|100%| O|  |TAMS 0x0000000089900000| PB 0x0000000089900000| Untracked 
| 153|0x0000000089900000, 0x0000000089a00000, 0x0000000089a00000|100%| O|  |TAMS 0x0000000089a00000| PB 0x0000000089a00000| Untracked 
| 154|0x0000000089a00000, 0x0000000089b00000, 0x0000000089b00000|100%| O|  |TAMS 0x0000000089b00000| PB 0x0000000089b00000| Untracked 
| 155|0x0000000089b00000, 0x0000000089c00000, 0x0000000089c00000|100%| O|  |TAMS 0x0000000089c00000| PB 0x0000000089c00000| Untracked 
| 156|0x0000000089c00000, 0x0000000089d00000, 0x0000000089d00000|100%| O|  |TAMS 0x0000000089d00000| PB 0x0000000089d00000| Untracked 
| 157|0x0000000089d00000, 0x0000000089e00000, 0x0000000089e00000|100%| O|  |TAMS 0x0000000089e00000| PB 0x0000000089e00000| Untracked 
| 158|0x0000000089e00000, 0x0000000089f00000, 0x0000000089f00000|100%| O|  |TAMS 0x0000000089f00000| PB 0x0000000089f00000| Untracked 
| 159|0x0000000089f00000, 0x000000008a000000, 0x000000008a000000|100%| O|  |TAMS 0x000000008a000000| PB 0x000000008a000000| Untracked 
| 160|0x000000008a000000, 0x000000008a100000, 0x000000008a100000|100%| O|  |TAMS 0x000000008a100000| PB 0x000000008a100000| Updating 
| 161|0x000000008a100000, 0x000000008a200000, 0x000000008a200000|100%| O|  |TAMS 0x000000008a200000| PB 0x000000008a200000| Updating 
| 162|0x000000008a200000, 0x000000008a300000, 0x000000008a300000|100%| O|  |TAMS 0x000000008a300000| PB 0x000000008a300000| Untracked 
| 163|0x000000008a300000, 0x000000008a400000, 0x000000008a400000|100%| O|  |TAMS 0x000000008a400000| PB 0x000000008a400000| Untracked 
| 164|0x000000008a400000, 0x000000008a500000, 0x000000008a500000|100%|HS|  |TAMS 0x000000008a500000| PB 0x000000008a400000| Complete 
| 165|0x000000008a500000, 0x000000008a600000, 0x000000008a600000|100%|HC|  |TAMS 0x000000008a600000| PB 0x000000008a500000| Complete 
| 166|0x000000008a600000, 0x000000008a700000, 0x000000008a700000|100%| O|  |TAMS 0x000000008a700000| PB 0x000000008a700000| Untracked 
| 167|0x000000008a700000, 0x000000008a800000, 0x000000008a800000|100%| O|  |TAMS 0x000000008a800000| PB 0x000000008a800000| Untracked 
| 168|0x000000008a800000, 0x000000008a900000, 0x000000008a900000|100%| O|  |TAMS 0x000000008a900000| PB 0x000000008a900000| Untracked 
| 169|0x000000008a900000, 0x000000008aa00000, 0x000000008aa00000|100%| O|  |TAMS 0x000000008aa00000| PB 0x000000008aa00000| Untracked 
| 170|0x000000008aa00000, 0x000000008ab00000, 0x000000008ab00000|100%| O|  |TAMS 0x000000008ab00000| PB 0x000000008ab00000| Untracked 
| 171|0x000000008ab00000, 0x000000008ac00000, 0x000000008ac00000|100%| O|  |TAMS 0x000000008ac00000| PB 0x000000008ac00000| Untracked 
| 172|0x000000008ac00000, 0x000000008ad00000, 0x000000008ad00000|100%| O|  |TAMS 0x000000008ad00000| PB 0x000000008ad00000| Untracked 
| 173|0x000000008ad00000, 0x000000008ae00000, 0x000000008ae00000|100%| O|  |TAMS 0x000000008ae00000| PB 0x000000008ae00000| Untracked 
| 174|0x000000008ae00000, 0x000000008af00000, 0x000000008af00000|100%| O|  |TAMS 0x000000008af00000| PB 0x000000008af00000| Untracked 
| 175|0x000000008af00000, 0x000000008b000000, 0x000000008b000000|100%| O|  |TAMS 0x000000008b000000| PB 0x000000008b000000| Untracked 
| 176|0x000000008b000000, 0x000000008b100000, 0x000000008b100000|100%| O|  |TAMS 0x000000008b000000| PB 0x000000008b000000| Untracked 
| 177|0x000000008b100000, 0x000000008b200000, 0x000000008b200000|100%| O|  |TAMS 0x000000008b200000| PB 0x000000008b200000| Updating 
| 178|0x000000008b200000, 0x000000008b300000, 0x000000008b300000|100%| O|  |TAMS 0x000000008b300000| PB 0x000000008b300000| Updating 
| 179|0x000000008b300000, 0x000000008b400000, 0x000000008b400000|100%| O|  |TAMS 0x000000008b400000| PB 0x000000008b400000| Untracked 
| 180|0x000000008b400000, 0x000000008b500000, 0x000000008b500000|100%| O|  |TAMS 0x000000008b500000| PB 0x000000008b500000| Untracked 
| 181|0x000000008b500000, 0x000000008b600000, 0x000000008b600000|100%| O|  |TAMS 0x000000008b600000| PB 0x000000008b600000| Untracked 
| 182|0x000000008b600000, 0x000000008b700000, 0x000000008b700000|100%| O|  |TAMS 0x000000008b700000| PB 0x000000008b700000| Untracked 
| 183|0x000000008b700000, 0x000000008b800000, 0x000000008b800000|100%| O|  |TAMS 0x000000008b700000| PB 0x000000008b700000| Untracked 
| 184|0x000000008b800000, 0x000000008b900000, 0x000000008b900000|100%| O|  |TAMS 0x000000008b900000| PB 0x000000008b900000| Untracked 
| 185|0x000000008b900000, 0x000000008ba00000, 0x000000008ba00000|100%| O|  |TAMS 0x000000008ba00000| PB 0x000000008ba00000| Untracked 
| 186|0x000000008ba00000, 0x000000008bb00000, 0x000000008bb00000|100%| O|  |TAMS 0x000000008bb00000| PB 0x000000008bb00000| Untracked 
| 187|0x000000008bb00000, 0x000000008bc00000, 0x000000008bc00000|100%| O|  |TAMS 0x000000008bc00000| PB 0x000000008bc00000| Updating 
| 188|0x000000008bc00000, 0x000000008bd00000, 0x000000008bd00000|100%| O|  |TAMS 0x000000008bd00000| PB 0x000000008bd00000| Updating 
| 189|0x000000008bd00000, 0x000000008be00000, 0x000000008be00000|100%| O|  |TAMS 0x000000008be00000| PB 0x000000008be00000| Updating 
| 190|0x000000008be00000, 0x000000008bf00000, 0x000000008bf00000|100%|HS|  |TAMS 0x000000008bf00000| PB 0x000000008be00000| Complete 
| 191|0x000000008bf00000, 0x000000008c000000, 0x000000008c000000|100%|HC|  |TAMS 0x000000008c000000| PB 0x000000008bf00000| Complete 
| 192|0x000000008c000000, 0x000000008c100000, 0x000000008c100000|100%| O|  |TAMS 0x000000008c100000| PB 0x000000008c100000| Untracked 
| 193|0x000000008c100000, 0x000000008c200000, 0x000000008c200000|100%| O|  |TAMS 0x000000008c200000| PB 0x000000008c200000| Untracked 
| 194|0x000000008c200000, 0x000000008c300000, 0x000000008c300000|100%| O|  |TAMS 0x000000008c300000| PB 0x000000008c300000| Untracked 
| 195|0x000000008c300000, 0x000000008c400000, 0x000000008c400000|100%| O|  |TAMS 0x000000008c400000| PB 0x000000008c400000| Untracked 
| 196|0x000000008c400000, 0x000000008c500000, 0x000000008c500000|100%| O|  |TAMS 0x000000008c500000| PB 0x000000008c500000| Untracked 
| 197|0x000000008c500000, 0x000000008c600000, 0x000000008c600000|100%| O|  |TAMS 0x000000008c600000| PB 0x000000008c600000| Updating 
| 198|0x000000008c600000, 0x000000008c700000, 0x000000008c700000|100%| O|  |TAMS 0x000000008c700000| PB 0x000000008c700000| Untracked 
| 199|0x000000008c700000, 0x000000008c800000, 0x000000008c800000|100%| O|  |TAMS 0x000000008c800000| PB 0x000000008c800000| Untracked 
| 200|0x000000008c800000, 0x000000008c900000, 0x000000008c900000|100%| O|  |TAMS 0x000000008c900000| PB 0x000000008c900000| Untracked 
| 201|0x000000008c900000, 0x000000008ca00000, 0x000000008ca00000|100%| O|  |TAMS 0x000000008ca00000| PB 0x000000008ca00000| Untracked 
| 202|0x000000008ca00000, 0x000000008cb00000, 0x000000008cb00000|100%| O|  |TAMS 0x000000008ca00000| PB 0x000000008ca00000| Untracked 
| 203|0x000000008cb00000, 0x000000008cc00000, 0x000000008cc00000|100%| O|  |TAMS 0x000000008cc00000| PB 0x000000008cc00000| Updating 
| 204|0x000000008cc00000, 0x000000008cd00000, 0x000000008cd00000|100%| O|  |TAMS 0x000000008cc00000| PB 0x000000008cc00000| Untracked 
| 205|0x000000008cd00000, 0x000000008ce00000, 0x000000008ce00000|100%| O|  |TAMS 0x000000008ce00000| PB 0x000000008ce00000| Untracked 
| 206|0x000000008ce00000, 0x000000008cf00000, 0x000000008cf00000|100%| O|  |TAMS 0x000000008cf00000| PB 0x000000008cf00000| Untracked 
| 207|0x000000008cf00000, 0x000000008d000000, 0x000000008d000000|100%| O|  |TAMS 0x000000008d000000| PB 0x000000008d000000| Untracked 
| 208|0x000000008d000000, 0x000000008d100000, 0x000000008d100000|100%| O|  |TAMS 0x000000008d100000| PB 0x000000008d100000| Untracked 
| 209|0x000000008d100000, 0x000000008d200000, 0x000000008d200000|100%| O|  |TAMS 0x000000008d200000| PB 0x000000008d200000| Untracked 
| 210|0x000000008d200000, 0x000000008d300000, 0x000000008d300000|100%| O|  |TAMS 0x000000008d2ac440| PB 0x000000008d2ac440| Updating 
| 211|0x000000008d300000, 0x000000008d400000, 0x000000008d400000|100%| O|  |TAMS 0x000000008d300000| PB 0x000000008d300000| Untracked 
| 212|0x000000008d400000, 0x000000008d500000, 0x000000008d500000|100%| O|  |TAMS 0x000000008d400000| PB 0x000000008d400000| Untracked 
| 213|0x000000008d500000, 0x000000008d600000, 0x000000008d600000|100%| O|  |TAMS 0x000000008d500000| PB 0x000000008d500000| Untracked 
| 214|0x000000008d600000, 0x000000008d700000, 0x000000008d700000|100%| O|  |TAMS 0x000000008d700000| PB 0x000000008d700000| Untracked 
| 215|0x000000008d700000, 0x000000008d800000, 0x000000008d800000|100%| O|  |TAMS 0x000000008d800000| PB 0x000000008d800000| Untracked 
| 216|0x000000008d800000, 0x000000008d900000, 0x000000008d900000|100%| O|  |TAMS 0x000000008d900000| PB 0x000000008d900000| Untracked 
| 217|0x000000008d900000, 0x000000008da00000, 0x000000008da00000|100%| O|  |TAMS 0x000000008da00000| PB 0x000000008da00000| Untracked 
| 218|0x000000008da00000, 0x000000008db00000, 0x000000008db00000|100%| O|  |TAMS 0x000000008db00000| PB 0x000000008db00000| Untracked 
| 219|0x000000008db00000, 0x000000008dc00000, 0x000000008dc00000|100%| O|  |TAMS 0x000000008dc00000| PB 0x000000008dc00000| Untracked 
| 220|0x000000008dc00000, 0x000000008dd00000, 0x000000008dd00000|100%| O|  |TAMS 0x000000008dd00000| PB 0x000000008dd00000| Untracked 
| 221|0x000000008dd00000, 0x000000008de00000, 0x000000008de00000|100%| O|  |TAMS 0x000000008de00000| PB 0x000000008de00000| Untracked 
| 222|0x000000008de00000, 0x000000008df00000, 0x000000008df00000|100%| O|  |TAMS 0x000000008df00000| PB 0x000000008df00000| Untracked 
| 223|0x000000008df00000, 0x000000008e000000, 0x000000008e000000|100%| O|  |TAMS 0x000000008e000000| PB 0x000000008e000000| Updating 
| 224|0x000000008e000000, 0x000000008e100000, 0x000000008e100000|100%| O|  |TAMS 0x000000008e100000| PB 0x000000008e100000| Updating 
| 225|0x000000008e100000, 0x000000008e200000, 0x000000008e200000|100%| O|  |TAMS 0x000000008e100000| PB 0x000000008e100000| Untracked 
| 226|0x000000008e200000, 0x000000008e300000, 0x000000008e300000|100%| O|  |TAMS 0x000000008e200000| PB 0x000000008e200000| Untracked 
| 227|0x000000008e300000, 0x000000008e400000, 0x000000008e400000|100%| O|  |TAMS 0x000000008e300000| PB 0x000000008e300000| Untracked 
| 228|0x000000008e400000, 0x000000008e500000, 0x000000008e500000|100%| O|  |TAMS 0x000000008e400000| PB 0x000000008e400000| Untracked 
| 229|0x000000008e500000, 0x000000008e600000, 0x000000008e600000|100%| O|  |TAMS 0x000000008e500000| PB 0x000000008e500000| Untracked 
| 230|0x000000008e600000, 0x000000008e700000, 0x000000008e700000|100%| O|  |TAMS 0x000000008e600000| PB 0x000000008e600000| Untracked 
| 231|0x000000008e700000, 0x000000008e800000, 0x000000008e800000|100%| O|  |TAMS 0x000000008e700000| PB 0x000000008e700000| Untracked 
| 232|0x000000008e800000, 0x000000008e900000, 0x000000008e900000|100%| O|  |TAMS 0x000000008e800000| PB 0x000000008e800000| Untracked 
| 233|0x000000008e900000, 0x000000008ea00000, 0x000000008ea00000|100%| O|  |TAMS 0x000000008e900000| PB 0x000000008e900000| Untracked 
| 234|0x000000008ea00000, 0x000000008eb00000, 0x000000008eb00000|100%| O|  |TAMS 0x000000008ea00000| PB 0x000000008ea00000| Untracked 
| 235|0x000000008eb00000, 0x000000008eb80000, 0x000000008ec00000| 50%| O|  |TAMS 0x000000008eb00000| PB 0x000000008eb00000| Updating 
| 236|0x000000008ec00000, 0x000000008ec00000, 0x000000008ed00000|  0%| F|  |TAMS 0x000000008ec00000| PB 0x000000008ec00000| Untracked 
| 237|0x000000008ed00000, 0x000000008ed00000, 0x000000008ee00000|  0%| F|  |TAMS 0x000000008ed00000| PB 0x000000008ed00000| Untracked 
| 238|0x000000008ee00000, 0x000000008ee00000, 0x000000008ef00000|  0%| F|  |TAMS 0x000000008ee00000| PB 0x000000008ee00000| Untracked 
| 239|0x000000008ef00000, 0x000000008f000000, 0x000000008f000000|100%| S|CS|TAMS 0x000000008ef00000| PB 0x000000008ef00000| Complete 
| 240|0x000000008f000000, 0x000000008f100000, 0x000000008f100000|100%| S|CS|TAMS 0x000000008f000000| PB 0x000000008f000000| Complete 
| 241|0x000000008f100000, 0x000000008f200000, 0x000000008f200000|100%| S|CS|TAMS 0x000000008f100000| PB 0x000000008f100000| Complete 
| 242|0x000000008f200000, 0x000000008f300000, 0x000000008f300000|100%| S|CS|TAMS 0x000000008f200000| PB 0x000000008f200000| Complete 
| 243|0x000000008f300000, 0x000000008f400000, 0x000000008f400000|100%| S|CS|TAMS 0x000000008f300000| PB 0x000000008f300000| Complete 
| 244|0x000000008f400000, 0x000000008f500000, 0x000000008f500000|100%| S|CS|TAMS 0x000000008f400000| PB 0x000000008f400000| Complete 
| 245|0x000000008f500000, 0x000000008f600000, 0x000000008f600000|100%| S|CS|TAMS 0x000000008f500000| PB 0x000000008f500000| Complete 
| 246|0x000000008f600000, 0x000000008f600000, 0x000000008f700000|  0%| F|  |TAMS 0x000000008f600000| PB 0x000000008f600000| Untracked 
| 247|0x000000008f700000, 0x000000008f700000, 0x000000008f800000|  0%| F|  |TAMS 0x000000008f700000| PB 0x000000008f700000| Untracked 
| 248|0x000000008f800000, 0x000000008f800000, 0x000000008f900000|  0%| F|  |TAMS 0x000000008f800000| PB 0x000000008f800000| Untracked 
| 249|0x000000008f900000, 0x000000008f900000, 0x000000008fa00000|  0%| F|  |TAMS 0x000000008f900000| PB 0x000000008f900000| Untracked 
| 250|0x000000008fa00000, 0x000000008fa00000, 0x000000008fb00000|  0%| F|  |TAMS 0x000000008fa00000| PB 0x000000008fa00000| Untracked 
| 251|0x000000008fb00000, 0x000000008fb00000, 0x000000008fc00000|  0%| F|  |TAMS 0x000000008fb00000| PB 0x000000008fb00000| Untracked 
| 252|0x000000008fc00000, 0x000000008fc00000, 0x000000008fd00000|  0%| F|  |TAMS 0x000000008fc00000| PB 0x000000008fc00000| Untracked 
| 253|0x000000008fd00000, 0x000000008fd00000, 0x000000008fe00000|  0%| F|  |TAMS 0x000000008fd00000| PB 0x000000008fd00000| Untracked 
| 254|0x000000008fe00000, 0x000000008fe00000, 0x000000008ff00000|  0%| F|  |TAMS 0x000000008fe00000| PB 0x000000008fe00000| Untracked 
| 255|0x000000008ff00000, 0x000000008ff00000, 0x0000000090000000|  0%| F|  |TAMS 0x000000008ff00000| PB 0x000000008ff00000| Untracked 
| 256|0x0000000090000000, 0x0000000090000000, 0x0000000090100000|  0%| F|  |TAMS 0x0000000090000000| PB 0x0000000090000000| Untracked 
| 257|0x0000000090100000, 0x0000000090100000, 0x0000000090200000|  0%| F|  |TAMS 0x0000000090100000| PB 0x0000000090100000| Untracked 
| 258|0x0000000090200000, 0x0000000090200000, 0x0000000090300000|  0%| F|  |TAMS 0x0000000090200000| PB 0x0000000090200000| Untracked 
| 259|0x0000000090300000, 0x0000000090300000, 0x0000000090400000|  0%| F|  |TAMS 0x0000000090300000| PB 0x0000000090300000| Untracked 
| 260|0x0000000090400000, 0x0000000090400000, 0x0000000090500000|  0%| F|  |TAMS 0x0000000090400000| PB 0x0000000090400000| Untracked 
| 261|0x0000000090500000, 0x0000000090500000, 0x0000000090600000|  0%| F|  |TAMS 0x0000000090500000| PB 0x0000000090500000| Untracked 
| 262|0x0000000090600000, 0x0000000090700000, 0x0000000090700000|100%| S|CS|TAMS 0x0000000090600000| PB 0x0000000090600000| Complete 
| 263|0x0000000090700000, 0x0000000090800000, 0x0000000090800000|100%| S|CS|TAMS 0x0000000090700000| PB 0x0000000090700000| Complete 
| 264|0x0000000090800000, 0x0000000090900000, 0x0000000090900000|100%| S|CS|TAMS 0x0000000090800000| PB 0x0000000090800000| Complete 
| 265|0x0000000090900000, 0x0000000090a00000, 0x0000000090a00000|100%| S|CS|TAMS 0x0000000090900000| PB 0x0000000090900000| Complete 
| 266|0x0000000090a00000, 0x0000000090b00000, 0x0000000090b00000|100%| S|CS|TAMS 0x0000000090a00000| PB 0x0000000090a00000| Complete 
| 267|0x0000000090b00000, 0x0000000090c00000, 0x0000000090c00000|100%| S|CS|TAMS 0x0000000090b00000| PB 0x0000000090b00000| Complete 
| 268|0x0000000090c00000, 0x0000000090d00000, 0x0000000090d00000|100%| S|CS|TAMS 0x0000000090c00000| PB 0x0000000090c00000| Complete 
| 269|0x0000000090d00000, 0x0000000090e00000, 0x0000000090e00000|100%| S|CS|TAMS 0x0000000090d00000| PB 0x0000000090d00000| Complete 
| 270|0x0000000090e00000, 0x0000000090f00000, 0x0000000090f00000|100%| S|CS|TAMS 0x0000000090e00000| PB 0x0000000090e00000| Complete 
| 271|0x0000000090f00000, 0x0000000091000000, 0x0000000091000000|100%| S|CS|TAMS 0x0000000090f00000| PB 0x0000000090f00000| Complete 
| 272|0x0000000091000000, 0x0000000091000000, 0x0000000091100000|  0%| F|  |TAMS 0x0000000091000000| PB 0x0000000091000000| Untracked 
| 273|0x0000000091100000, 0x0000000091100000, 0x0000000091200000|  0%| F|  |TAMS 0x0000000091100000| PB 0x0000000091100000| Untracked 
| 274|0x0000000091200000, 0x0000000091200000, 0x0000000091300000|  0%| F|  |TAMS 0x0000000091200000| PB 0x0000000091200000| Untracked 
| 275|0x0000000091300000, 0x0000000091300000, 0x0000000091400000|  0%| F|  |TAMS 0x0000000091300000| PB 0x0000000091300000| Untracked 
| 276|0x0000000091400000, 0x0000000091400000, 0x0000000091500000|  0%| F|  |TAMS 0x0000000091400000| PB 0x0000000091400000| Untracked 
| 277|0x0000000091500000, 0x0000000091500000, 0x0000000091600000|  0%| F|  |TAMS 0x0000000091500000| PB 0x0000000091500000| Untracked 
| 278|0x0000000091600000, 0x0000000091600000, 0x0000000091700000|  0%| F|  |TAMS 0x0000000091600000| PB 0x0000000091600000| Untracked 
| 279|0x0000000091700000, 0x0000000091700000, 0x0000000091800000|  0%| F|  |TAMS 0x0000000091700000| PB 0x0000000091700000| Untracked 
| 280|0x0000000091800000, 0x0000000091800000, 0x0000000091900000|  0%| F|  |TAMS 0x0000000091800000| PB 0x0000000091800000| Untracked 
| 281|0x0000000091900000, 0x0000000091900000, 0x0000000091a00000|  0%| F|  |TAMS 0x0000000091900000| PB 0x0000000091900000| Untracked 
| 282|0x0000000091a00000, 0x0000000091a00000, 0x0000000091b00000|  0%| F|  |TAMS 0x0000000091a00000| PB 0x0000000091a00000| Untracked 
| 283|0x0000000091b00000, 0x0000000091b00000, 0x0000000091c00000|  0%| F|  |TAMS 0x0000000091b00000| PB 0x0000000091b00000| Untracked 
| 284|0x0000000091c00000, 0x0000000091c00000, 0x0000000091d00000|  0%| F|  |TAMS 0x0000000091c00000| PB 0x0000000091c00000| Untracked 
| 285|0x0000000091d00000, 0x0000000091d00000, 0x0000000091e00000|  0%| F|  |TAMS 0x0000000091d00000| PB 0x0000000091d00000| Untracked 
| 286|0x0000000091e00000, 0x0000000091e00000, 0x0000000091f00000|  0%| F|  |TAMS 0x0000000091e00000| PB 0x0000000091e00000| Untracked 
| 287|0x0000000091f00000, 0x0000000091f00000, 0x0000000092000000|  0%| F|  |TAMS 0x0000000091f00000| PB 0x0000000091f00000| Untracked 
| 288|0x0000000092000000, 0x0000000092000000, 0x0000000092100000|  0%| F|  |TAMS 0x0000000092000000| PB 0x0000000092000000| Untracked 
| 289|0x0000000092100000, 0x0000000092100000, 0x0000000092200000|  0%| F|  |TAMS 0x0000000092100000| PB 0x0000000092100000| Untracked 
| 290|0x0000000092200000, 0x0000000092200000, 0x0000000092300000|  0%| F|  |TAMS 0x0000000092200000| PB 0x0000000092200000| Untracked 
| 291|0x0000000092300000, 0x0000000092300000, 0x0000000092400000|  0%| F|  |TAMS 0x0000000092300000| PB 0x0000000092300000| Untracked 
| 292|0x0000000092400000, 0x0000000092400000, 0x0000000092500000|  0%| F|  |TAMS 0x0000000092400000| PB 0x0000000092400000| Untracked 
| 293|0x0000000092500000, 0x0000000092500000, 0x0000000092600000|  0%| F|  |TAMS 0x0000000092500000| PB 0x0000000092500000| Untracked 
| 294|0x0000000092600000, 0x0000000092600000, 0x0000000092700000|  0%| F|  |TAMS 0x0000000092600000| PB 0x0000000092600000| Untracked 
| 295|0x0000000092700000, 0x0000000092700000, 0x0000000092800000|  0%| F|  |TAMS 0x0000000092700000| PB 0x0000000092700000| Untracked 
| 296|0x0000000092800000, 0x0000000092800000, 0x0000000092900000|  0%| F|  |TAMS 0x0000000092800000| PB 0x0000000092800000| Untracked 
| 297|0x0000000092900000, 0x0000000092900000, 0x0000000092a00000|  0%| F|  |TAMS 0x0000000092900000| PB 0x0000000092900000| Untracked 
| 298|0x0000000092a00000, 0x0000000092a00000, 0x0000000092b00000|  0%| F|  |TAMS 0x0000000092a00000| PB 0x0000000092a00000| Untracked 
| 299|0x0000000092b00000, 0x0000000092b00000, 0x0000000092c00000|  0%| F|  |TAMS 0x0000000092b00000| PB 0x0000000092b00000| Untracked 
| 300|0x0000000092c00000, 0x0000000092c00000, 0x0000000092d00000|  0%| F|  |TAMS 0x0000000092c00000| PB 0x0000000092c00000| Untracked 
| 301|0x0000000092d00000, 0x0000000092d00000, 0x0000000092e00000|  0%| F|  |TAMS 0x0000000092d00000| PB 0x0000000092d00000| Untracked 
| 302|0x0000000092e00000, 0x0000000092e00000, 0x0000000092f00000|  0%| F|  |TAMS 0x0000000092e00000| PB 0x0000000092e00000| Untracked 
| 303|0x0000000092f00000, 0x0000000092f00000, 0x0000000093000000|  0%| F|  |TAMS 0x0000000092f00000| PB 0x0000000092f00000| Untracked 
| 304|0x0000000093000000, 0x0000000093000000, 0x0000000093100000|  0%| F|  |TAMS 0x0000000093000000| PB 0x0000000093000000| Untracked 
| 305|0x0000000093100000, 0x0000000093100000, 0x0000000093200000|  0%| F|  |TAMS 0x0000000093100000| PB 0x0000000093100000| Untracked 
| 306|0x0000000093200000, 0x0000000093200000, 0x0000000093300000|  0%| F|  |TAMS 0x0000000093200000| PB 0x0000000093200000| Untracked 
| 307|0x0000000093300000, 0x0000000093300000, 0x0000000093400000|  0%| F|  |TAMS 0x0000000093300000| PB 0x0000000093300000| Untracked 
| 308|0x0000000093400000, 0x0000000093400000, 0x0000000093500000|  0%| F|  |TAMS 0x0000000093400000| PB 0x0000000093400000| Untracked 
| 309|0x0000000093500000, 0x0000000093500000, 0x0000000093600000|  0%| F|  |TAMS 0x0000000093500000| PB 0x0000000093500000| Untracked 
| 310|0x0000000093600000, 0x0000000093600000, 0x0000000093700000|  0%| F|  |TAMS 0x0000000093600000| PB 0x0000000093600000| Untracked 
| 311|0x0000000093700000, 0x0000000093700000, 0x0000000093800000|  0%| F|  |TAMS 0x0000000093700000| PB 0x0000000093700000| Untracked 
| 312|0x0000000093800000, 0x0000000093800000, 0x0000000093900000|  0%| F|  |TAMS 0x0000000093800000| PB 0x0000000093800000| Untracked 
| 313|0x0000000093900000, 0x0000000093900000, 0x0000000093a00000|  0%| F|  |TAMS 0x0000000093900000| PB 0x0000000093900000| Untracked 
| 314|0x0000000093a00000, 0x0000000093a00000, 0x0000000093b00000|  0%| F|  |TAMS 0x0000000093a00000| PB 0x0000000093a00000| Untracked 
| 315|0x0000000093b00000, 0x0000000093b00000, 0x0000000093c00000|  0%| F|  |TAMS 0x0000000093b00000| PB 0x0000000093b00000| Untracked 
| 316|0x0000000093c00000, 0x0000000093c00000, 0x0000000093d00000|  0%| F|  |TAMS 0x0000000093c00000| PB 0x0000000093c00000| Untracked 
| 317|0x0000000093d00000, 0x0000000093d00000, 0x0000000093e00000|  0%| F|  |TAMS 0x0000000093d00000| PB 0x0000000093d00000| Untracked 
| 318|0x0000000093e00000, 0x0000000093e00000, 0x0000000093f00000|  0%| F|  |TAMS 0x0000000093e00000| PB 0x0000000093e00000| Untracked 
| 319|0x0000000093f00000, 0x0000000093f00000, 0x0000000094000000|  0%| F|  |TAMS 0x0000000093f00000| PB 0x0000000093f00000| Untracked 
| 320|0x0000000094000000, 0x0000000094000000, 0x0000000094100000|  0%| F|  |TAMS 0x0000000094000000| PB 0x0000000094000000| Untracked 
| 321|0x0000000094100000, 0x0000000094100000, 0x0000000094200000|  0%| F|  |TAMS 0x0000000094100000| PB 0x0000000094100000| Untracked 
| 322|0x0000000094200000, 0x0000000094200000, 0x0000000094300000|  0%| F|  |TAMS 0x0000000094200000| PB 0x0000000094200000| Untracked 
| 323|0x0000000094300000, 0x0000000094300000, 0x0000000094400000|  0%| F|  |TAMS 0x0000000094300000| PB 0x0000000094300000| Untracked 
| 324|0x0000000094400000, 0x0000000094400000, 0x0000000094500000|  0%| F|  |TAMS 0x0000000094400000| PB 0x0000000094400000| Untracked 
| 325|0x0000000094500000, 0x0000000094500000, 0x0000000094600000|  0%| F|  |TAMS 0x0000000094500000| PB 0x0000000094500000| Untracked 
| 326|0x0000000094600000, 0x0000000094600000, 0x0000000094700000|  0%| F|  |TAMS 0x0000000094600000| PB 0x0000000094600000| Untracked 
| 327|0x0000000094700000, 0x0000000094700000, 0x0000000094800000|  0%| F|  |TAMS 0x0000000094700000| PB 0x0000000094700000| Untracked 
| 328|0x0000000094800000, 0x0000000094800000, 0x0000000094900000|  0%| F|  |TAMS 0x0000000094800000| PB 0x0000000094800000| Untracked 
| 329|0x0000000094900000, 0x0000000094900000, 0x0000000094a00000|  0%| F|  |TAMS 0x0000000094900000| PB 0x0000000094900000| Untracked 
| 330|0x0000000094a00000, 0x0000000094a00000, 0x0000000094b00000|  0%| F|  |TAMS 0x0000000094a00000| PB 0x0000000094a00000| Untracked 
| 331|0x0000000094b00000, 0x0000000094b00000, 0x0000000094c00000|  0%| F|  |TAMS 0x0000000094b00000| PB 0x0000000094b00000| Untracked 
| 332|0x0000000094c00000, 0x0000000094c00000, 0x0000000094d00000|  0%| F|  |TAMS 0x0000000094c00000| PB 0x0000000094c00000| Untracked 
| 333|0x0000000094d00000, 0x0000000094d00000, 0x0000000094e00000|  0%| F|  |TAMS 0x0000000094d00000| PB 0x0000000094d00000| Untracked 
| 334|0x0000000094e00000, 0x0000000094e00000, 0x0000000094f00000|  0%| F|  |TAMS 0x0000000094e00000| PB 0x0000000094e00000| Untracked 
| 335|0x0000000094f00000, 0x0000000094f00000, 0x0000000095000000|  0%| F|  |TAMS 0x0000000094f00000| PB 0x0000000094f00000| Untracked 
| 336|0x0000000095000000, 0x0000000095000000, 0x0000000095100000|  0%| F|  |TAMS 0x0000000095000000| PB 0x0000000095000000| Untracked 
| 337|0x0000000095100000, 0x0000000095100000, 0x0000000095200000|  0%| F|  |TAMS 0x0000000095100000| PB 0x0000000095100000| Untracked 
| 338|0x0000000095200000, 0x0000000095200000, 0x0000000095300000|  0%| F|  |TAMS 0x0000000095200000| PB 0x0000000095200000| Untracked 
| 339|0x0000000095300000, 0x0000000095300000, 0x0000000095400000|  0%| F|  |TAMS 0x0000000095300000| PB 0x0000000095300000| Untracked 
| 340|0x0000000095400000, 0x0000000095400000, 0x0000000095500000|  0%| F|  |TAMS 0x0000000095400000| PB 0x0000000095400000| Untracked 
| 341|0x0000000095500000, 0x0000000095500000, 0x0000000095600000|  0%| F|  |TAMS 0x0000000095500000| PB 0x0000000095500000| Untracked 
| 342|0x0000000095600000, 0x0000000095600000, 0x0000000095700000|  0%| F|  |TAMS 0x0000000095600000| PB 0x0000000095600000| Untracked 
| 343|0x0000000095700000, 0x0000000095700000, 0x0000000095800000|  0%| F|  |TAMS 0x0000000095700000| PB 0x0000000095700000| Untracked 
| 344|0x0000000095800000, 0x0000000095800000, 0x0000000095900000|  0%| F|  |TAMS 0x0000000095800000| PB 0x0000000095800000| Untracked 
| 345|0x0000000095900000, 0x0000000095900000, 0x0000000095a00000|  0%| F|  |TAMS 0x0000000095900000| PB 0x0000000095900000| Untracked 
| 346|0x0000000095a00000, 0x0000000095a00000, 0x0000000095b00000|  0%| F|  |TAMS 0x0000000095a00000| PB 0x0000000095a00000| Untracked 
| 347|0x0000000095b00000, 0x0000000095b00000, 0x0000000095c00000|  0%| F|  |TAMS 0x0000000095b00000| PB 0x0000000095b00000| Untracked 
| 348|0x0000000095c00000, 0x0000000095c00000, 0x0000000095d00000|  0%| F|  |TAMS 0x0000000095c00000| PB 0x0000000095c00000| Untracked 
| 349|0x0000000095d00000, 0x0000000095d00000, 0x0000000095e00000|  0%| F|  |TAMS 0x0000000095d00000| PB 0x0000000095d00000| Untracked 
| 350|0x0000000095e00000, 0x0000000095e00000, 0x0000000095f00000|  0%| F|  |TAMS 0x0000000095e00000| PB 0x0000000095e00000| Untracked 
| 351|0x0000000095f00000, 0x0000000095f00000, 0x0000000096000000|  0%| F|  |TAMS 0x0000000095f00000| PB 0x0000000095f00000| Untracked 
| 352|0x0000000096000000, 0x0000000096000000, 0x0000000096100000|  0%| F|  |TAMS 0x0000000096000000| PB 0x0000000096000000| Untracked 
| 353|0x0000000096100000, 0x0000000096100000, 0x0000000096200000|  0%| F|  |TAMS 0x0000000096100000| PB 0x0000000096100000| Untracked 
| 354|0x0000000096200000, 0x0000000096200000, 0x0000000096300000|  0%| F|  |TAMS 0x0000000096200000| PB 0x0000000096200000| Untracked 
| 355|0x0000000096300000, 0x0000000096300000, 0x0000000096400000|  0%| F|  |TAMS 0x0000000096300000| PB 0x0000000096300000| Untracked 
| 356|0x0000000096400000, 0x0000000096400000, 0x0000000096500000|  0%| F|  |TAMS 0x0000000096400000| PB 0x0000000096400000| Untracked 
| 357|0x0000000096500000, 0x0000000096500000, 0x0000000096600000|  0%| F|  |TAMS 0x0000000096500000| PB 0x0000000096500000| Untracked 
| 358|0x0000000096600000, 0x0000000096600000, 0x0000000096700000|  0%| F|  |TAMS 0x0000000096600000| PB 0x0000000096600000| Untracked 
| 359|0x0000000096700000, 0x0000000096700000, 0x0000000096800000|  0%| F|  |TAMS 0x0000000096700000| PB 0x0000000096700000| Untracked 
| 360|0x0000000096800000, 0x0000000096800000, 0x0000000096900000|  0%| F|  |TAMS 0x0000000096800000| PB 0x0000000096800000| Untracked 
| 361|0x0000000096900000, 0x0000000096900000, 0x0000000096a00000|  0%| F|  |TAMS 0x0000000096900000| PB 0x0000000096900000| Untracked 
| 362|0x0000000096a00000, 0x0000000096a00000, 0x0000000096b00000|  0%| F|  |TAMS 0x0000000096a00000| PB 0x0000000096a00000| Untracked 
| 363|0x0000000096b00000, 0x0000000096b00000, 0x0000000096c00000|  0%| F|  |TAMS 0x0000000096b00000| PB 0x0000000096b00000| Untracked 
| 364|0x0000000096c00000, 0x0000000096c00000, 0x0000000096d00000|  0%| F|  |TAMS 0x0000000096c00000| PB 0x0000000096c00000| Untracked 
| 365|0x0000000096d00000, 0x0000000096d00000, 0x0000000096e00000|  0%| F|  |TAMS 0x0000000096d00000| PB 0x0000000096d00000| Untracked 
| 366|0x0000000096e00000, 0x0000000096e00000, 0x0000000096f00000|  0%| F|  |TAMS 0x0000000096e00000| PB 0x0000000096e00000| Untracked 
| 367|0x0000000096f00000, 0x0000000096f80000, 0x0000000097000000| 50%| E|  |TAMS 0x0000000096f00000| PB 0x0000000096f00000| Complete 
| 368|0x0000000097000000, 0x0000000097100000, 0x0000000097100000|100%| E|CS|TAMS 0x0000000097000000| PB 0x0000000097000000| Complete 
| 369|0x0000000097100000, 0x0000000097200000, 0x0000000097200000|100%| E|CS|TAMS 0x0000000097100000| PB 0x0000000097100000| Complete 
| 370|0x0000000097200000, 0x0000000097300000, 0x0000000097300000|100%| E|CS|TAMS 0x0000000097200000| PB 0x0000000097200000| Complete 
| 371|0x0000000097300000, 0x0000000097400000, 0x0000000097400000|100%| E|CS|TAMS 0x0000000097300000| PB 0x0000000097300000| Complete 
| 372|0x0000000097400000, 0x0000000097500000, 0x0000000097500000|100%| E|CS|TAMS 0x0000000097400000| PB 0x0000000097400000| Complete 
| 373|0x0000000097500000, 0x0000000097600000, 0x0000000097600000|100%| E|CS|TAMS 0x0000000097500000| PB 0x0000000097500000| Complete 
| 374|0x0000000097600000, 0x0000000097700000, 0x0000000097700000|100%| E|CS|TAMS 0x0000000097600000| PB 0x0000000097600000| Complete 
| 375|0x0000000097700000, 0x0000000097800000, 0x0000000097800000|100%| E|CS|TAMS 0x0000000097700000| PB 0x0000000097700000| Complete 
| 376|0x0000000097800000, 0x0000000097900000, 0x0000000097900000|100%| E|CS|TAMS 0x0000000097800000| PB 0x0000000097800000| Complete 
| 377|0x0000000097900000, 0x0000000097a00000, 0x0000000097a00000|100%| E|CS|TAMS 0x0000000097900000| PB 0x0000000097900000| Complete 
| 378|0x0000000097a00000, 0x0000000097b00000, 0x0000000097b00000|100%| E|CS|TAMS 0x0000000097a00000| PB 0x0000000097a00000| Complete 
|2032|0x00000000ff000000, 0x00000000ff100000, 0x00000000ff100000|100%| E|CS|TAMS 0x00000000ff000000| PB 0x00000000ff000000| Complete 
|2033|0x00000000ff100000, 0x00000000ff200000, 0x00000000ff200000|100%| E|CS|TAMS 0x00000000ff100000| PB 0x00000000ff100000| Complete 
|2034|0x00000000ff200000, 0x00000000ff300000, 0x00000000ff300000|100%| E|CS|TAMS 0x00000000ff200000| PB 0x00000000ff200000| Complete 
|2035|0x00000000ff300000, 0x00000000ff400000, 0x00000000ff400000|100%| E|CS|TAMS 0x00000000ff300000| PB 0x00000000ff300000| Complete 
|2036|0x00000000ff400000, 0x00000000ff500000, 0x00000000ff500000|100%| E|CS|TAMS 0x00000000ff400000| PB 0x00000000ff400000| Complete 
|2037|0x00000000ff500000, 0x00000000ff600000, 0x00000000ff600000|100%| O|  |TAMS 0x00000000ff600000| PB 0x00000000ff600000| Untracked 
|2038|0x00000000ff600000, 0x00000000ff700000, 0x00000000ff700000|100%| O|  |TAMS 0x00000000ff700000| PB 0x00000000ff700000| Untracked 
|2039|0x00000000ff700000, 0x00000000ff800000, 0x00000000ff800000|100%| O|  |TAMS 0x00000000ff800000| PB 0x00000000ff800000| Untracked 
|2040|0x00000000ff800000, 0x00000000ff900000, 0x00000000ff900000|100%| O|  |TAMS 0x00000000ff900000| PB 0x00000000ff900000| Untracked 
|2041|0x00000000ff900000, 0x00000000ffa00000, 0x00000000ffa00000|100%| E|CS|TAMS 0x00000000ff900000| PB 0x00000000ff900000| Complete 
|2042|0x00000000ffa00000, 0x00000000ffb00000, 0x00000000ffb00000|100%| E|CS|TAMS 0x00000000ffa00000| PB 0x00000000ffa00000| Complete 
|2043|0x00000000ffb00000, 0x00000000ffc00000, 0x00000000ffc00000|100%| E|CS|TAMS 0x00000000ffb00000| PB 0x00000000ffb00000| Complete 
|2044|0x00000000ffc00000, 0x00000000ffd00000, 0x00000000ffd00000|100%| O|  |TAMS 0x00000000ffd00000| PB 0x00000000ffd00000| Updating 
|2045|0x00000000ffd00000, 0x00000000ffe00000, 0x00000000ffe00000|100%| O|  |TAMS 0x00000000ffe00000| PB 0x00000000ffe00000| Updating 
|2046|0x00000000ffe00000, 0x00000000fff00000, 0x00000000fff00000|100%| O|  |TAMS 0x00000000fff00000| PB 0x00000000fff00000| Updating 
|2047|0x00000000fff00000, 0x0000000100000000, 0x0000000100000000|100%| O|  |TAMS 0x0000000100000000| PB 0x0000000100000000| Updating 

Card table byte_map: [0x000001b0f8ca0000,0x000001b0f90a0000] _byte_map_base: 0x000001b0f88a0000

Marking Bits: (CMBitMap*) 0x000001b0f56f3c00
 Bits: [0x000001b0f90a0000, 0x000001b0fb0a0000)

Polling page: 0x000001b0f3450000

Metaspace:

Usage:
  Non-class:    105.49 MB used.
      Class:     16.68 MB used.
       Both:    122.17 MB used.

Virtual space:
  Non-class space:      128.00 MB reserved,     106.94 MB ( 84%) committed,  2 nodes.
      Class space:      416.00 MB reserved,      18.06 MB (  4%) committed,  1 nodes.
             Both:      544.00 MB reserved,     125.00 MB ( 23%) committed. 

Chunk freelists:
   Non-Class:  5.04 MB
       Class:  13.87 MB
        Both:  18.91 MB

MaxMetaspaceSize: 512.00 MB
CompressedClassSpaceSize: 416.00 MB
Initial GC threshold: 21.00 MB
Current GC threshold: 197.50 MB
CDS: on
 - commit_granule_bytes: 65536.
 - commit_granule_words: 8192.
 - virtual_space_node_default_size: 8388608.
 - enlarge_chunks_in_place: 1.
 - use_allocation_guard: 0.


Internal statistics:

num_allocs_failed_limit: 12.
num_arena_births: 4854.
num_arena_deaths: 0.
num_vsnodes_births: 3.
num_vsnodes_deaths: 0.
num_space_committed: 1998.
num_space_uncommitted: 0.
num_chunks_returned_to_freelist: 12.
num_chunks_taken_from_freelist: 10981.
num_chunk_merges: 12.
num_chunk_splits: 7113.
num_chunks_enlarged: 4420.
num_inconsistent_stats: 0.

CodeHeap 'non-profiled nmethods': size=120000Kb used=13145Kb max_used=13165Kb free=106854Kb
 bounds [0x000001b087ad0000, 0x000001b0887b0000, 0x000001b08f000000]
CodeHeap 'profiled nmethods': size=120000Kb used=30566Kb max_used=30966Kb free=89434Kb
 bounds [0x000001b080000000, 0x000001b081e40000, 0x000001b087530000]
CodeHeap 'non-nmethods': size=5760Kb used=2812Kb max_used=2884Kb free=2947Kb
 bounds [0x000001b087530000, 0x000001b087810000, 0x000001b087ad0000]
CodeCache: size=245760Kb, used=46523Kb, max_used=47015Kb, free=199235Kb
 total_blobs=16896, nmethods=15838, adapters=961, full_count=0
Compilation: enabled, stopped_count=0, restarted_count=0

Compilation events (20 events):
Event: 80.958 Thread 0x000001b0fd57b850 19676       1       org.gradle.api.internal.artifacts.dependencies.DefaultMutableVersionConstraint::getPreferredVersion (5 bytes)
Event: 80.958 Thread 0x000001b0fd57b850 nmethod 19676 0x000001b0887a9f10 code [0x000001b0887aa0a0, 0x000001b0887aa168]
Event: 80.958 Thread 0x000001b0fd57b850 19677       1       org.gradle.api.internal.artifacts.dependencies.DefaultMutableVersionConstraint::getRequiredVersion (5 bytes)
Event: 80.958 Thread 0x000001b0fd57b850 nmethod 19677 0x000001b0887aa210 code [0x000001b0887aa3a0, 0x000001b0887aa468]
Event: 80.958 Thread 0x000001b0fd57b850 19678       1       org.gradle.api.internal.artifacts.dependencies.DefaultMutableVersionConstraint::getStrictVersion (5 bytes)
Event: 80.958 Thread 0x000001b0fd57b850 nmethod 19678 0x000001b0887aa510 code [0x000001b0887aa6a0, 0x000001b0887aa768]
Event: 80.958 Thread 0x000001b0fd57b850 19679       1       org.gradle.api.internal.artifacts.dependencies.DefaultMutableVersionConstraint::getRejectedVersions (5 bytes)
Event: 80.958 Thread 0x000001b0fd57b850 nmethod 19679 0x000001b0887aa810 code [0x000001b0887aa9a0, 0x000001b0887aaa68]
Event: 80.998 Thread 0x000001b0fd57b850 19682       1       org.gradle.groovy.scripts.BasicScript::getScriptTarget (5 bytes)
Event: 80.998 Thread 0x000001b0fd57b850 nmethod 19682 0x000001b0887aab10 code [0x000001b0887aaca0, 0x000001b0887aad68]
Event: 81.002 Thread 0x000001b0fd57b850 19683       1       com.android.build.gradle.internal.dsl.LibraryExtensionImpl$AgpDecorated::get_compileSdkVersion (5 bytes)
Event: 81.002 Thread 0x000001b0fd57b850 nmethod 19683 0x000001b0887aae10 code [0x000001b0887aafa0, 0x000001b0887ab070]
Event: 81.005 Thread 0x000001b0fd57b850 19684       3       com.google.common.collect.ImmutableList::asImmutableList (7 bytes)
Event: 81.005 Thread 0x000001b0fd57b850 nmethod 19684 0x000001b081e3ca90 code [0x000001b081e3cc40, 0x000001b081e3cd60]
Event: 81.008 Thread 0x000001b0fd57b850 19685       3       com.android.builder.core.ComponentTypeImpl::getRequiresManifest (20 bytes)
Event: 81.009 Thread 0x000001b0fd57b850 nmethod 19685 0x000001b081e3ce10 code [0x000001b081e3cfc0, 0x000001b081e3d188]
Event: 81.019 Thread 0x000001b0fd57b850 19686       3       kotlin.collections.SetsKt__SetsJVMKt::setOf (11 bytes)
Event: 81.020 Thread 0x000001b0fd57b850 nmethod 19686 0x000001b081e3d210 code [0x000001b081e3d3e0, 0x000001b081e3d7a0]
Event: 81.020 Thread 0x000001b0fd57b850 19687       1       com.android.build.gradle.internal.tasks.factory.GlobalTaskCreationConfigImpl::getGlobalArtifacts (5 bytes)
Event: 81.020 Thread 0x000001b0fd57b850 nmethod 19687 0x000001b0887ab110 code [0x000001b0887ab2a0, 0x000001b0887ab368]

GC Heap History (20 events):
Event: 68.258 GC heap before
{Heap before GC invocations=60 (full 0):
 garbage-first heap   total 353280K, used 313408K [0x0000000080000000, 0x0000000100000000)
  region size 1024K, 118 young (120832K), 9 survivors (9216K)
 Metaspace       used 115366K, committed 118144K, reserved 557056K
  class space    used 16260K, committed 17600K, reserved 425984K
}
Event: 68.268 GC heap after
{Heap after GC invocations=61 (full 0):
 garbage-first heap   total 353280K, used 204745K [0x0000000080000000, 0x0000000100000000)
  region size 1024K, 6 young (6144K), 6 survivors (6144K)
 Metaspace       used 115366K, committed 118144K, reserved 557056K
  class space    used 16260K, committed 17600K, reserved 425984K
}
Event: 69.602 GC heap before
{Heap before GC invocations=62 (full 0):
 garbage-first heap   total 353280K, used 318409K [0x0000000080000000, 0x0000000100000000)
  region size 1024K, 118 young (120832K), 6 survivors (6144K)
 Metaspace       used 115472K, committed 118208K, reserved 557056K
  class space    used 16274K, committed 17600K, reserved 425984K
}
Event: 69.613 GC heap after
{Heap after GC invocations=63 (full 0):
 garbage-first heap   total 353280K, used 209405K [0x0000000080000000, 0x0000000100000000)
  region size 1024K, 10 young (10240K), 10 survivors (10240K)
 Metaspace       used 115472K, committed 118208K, reserved 557056K
  class space    used 16274K, committed 17600K, reserved 425984K
}
Event: 70.704 GC heap before
{Heap before GC invocations=63 (full 0):
 garbage-first heap   total 353280K, used 322045K [0x0000000080000000, 0x0000000100000000)
  region size 1024K, 121 young (123904K), 10 survivors (10240K)
 Metaspace       used 115645K, committed 118464K, reserved 557056K
  class space    used 16292K, committed 17664K, reserved 425984K
}
Event: 70.719 GC heap after
{Heap after GC invocations=64 (full 0):
 garbage-first heap   total 353280K, used 211853K [0x0000000080000000, 0x0000000100000000)
  region size 1024K, 13 young (13312K), 13 survivors (13312K)
 Metaspace       used 115645K, committed 118464K, reserved 557056K
  class space    used 16292K, committed 17664K, reserved 425984K
}
Event: 71.482 GC heap before
{Heap before GC invocations=64 (full 0):
 garbage-first heap   total 353280K, used 294797K [0x0000000080000000, 0x0000000100000000)
  region size 1024K, 95 young (97280K), 13 survivors (13312K)
 Metaspace       used 115670K, committed 118528K, reserved 557056K
  class space    used 16292K, committed 17664K, reserved 425984K
}
Event: 71.494 GC heap after
{Heap after GC invocations=65 (full 0):
 garbage-first heap   total 353280K, used 214196K [0x0000000080000000, 0x0000000100000000)
  region size 1024K, 10 young (10240K), 10 survivors (10240K)
 Metaspace       used 115670K, committed 118528K, reserved 557056K
  class space    used 16292K, committed 17664K, reserved 425984K
}
Event: 73.283 GC heap before
{Heap before GC invocations=66 (full 0):
 garbage-first heap   total 363520K, used 329908K [0x0000000080000000, 0x0000000100000000)
  region size 1024K, 120 young (122880K), 10 survivors (10240K)
 Metaspace       used 115804K, committed 118656K, reserved 557056K
  class space    used 16310K, committed 17664K, reserved 425984K
}
Event: 73.298 GC heap after
{Heap after GC invocations=67 (full 0):
 garbage-first heap   total 363520K, used 222668K [0x0000000080000000, 0x0000000100000000)
  region size 1024K, 11 young (11264K), 11 survivors (11264K)
 Metaspace       used 115804K, committed 118656K, reserved 557056K
  class space    used 16310K, committed 17664K, reserved 425984K
}
Event: 74.656 GC heap before
{Heap before GC invocations=67 (full 0):
 garbage-first heap   total 363520K, used 335308K [0x0000000080000000, 0x0000000100000000)
  region size 1024K, 122 young (124928K), 11 survivors (11264K)
 Metaspace       used 117106K, committed 120000K, reserved 557056K
  class space    used 16415K, committed 17792K, reserved 425984K
}
Event: 74.679 GC heap after
{Heap after GC invocations=68 (full 0):
 garbage-first heap   total 363520K, used 231387K [0x0000000080000000, 0x0000000100000000)
  region size 1024K, 16 young (16384K), 16 survivors (16384K)
 Metaspace       used 117106K, committed 120000K, reserved 557056K
  class space    used 16415K, committed 17792K, reserved 425984K
}
Event: 74.870 GC heap before
{Heap before GC invocations=68 (full 0):
 garbage-first heap   total 363520K, used 241627K [0x0000000080000000, 0x0000000100000000)
  region size 1024K, 27 young (27648K), 16 survivors (16384K)
 Metaspace       used 117580K, committed 120448K, reserved 557056K
  class space    used 16455K, committed 17856K, reserved 425984K
}
Event: 74.886 GC heap after
{Heap after GC invocations=69 (full 0):
 garbage-first heap   total 363520K, used 236388K [0x0000000080000000, 0x0000000100000000)
  region size 1024K, 5 young (5120K), 5 survivors (5120K)
 Metaspace       used 117580K, committed 120448K, reserved 557056K
  class space    used 16455K, committed 17856K, reserved 425984K
}
Event: 76.377 GC heap before
{Heap before GC invocations=70 (full 0):
 garbage-first heap   total 404480K, used 326500K [0x0000000080000000, 0x0000000100000000)
  region size 1024K, 89 young (91136K), 5 survivors (5120K)
 Metaspace       used 123220K, committed 126016K, reserved 557056K
  class space    used 16964K, committed 18304K, reserved 425984K
}
Event: 76.386 GC heap after
{Heap after GC invocations=71 (full 0):
 garbage-first heap   total 404480K, used 239873K [0x0000000080000000, 0x0000000100000000)
  region size 1024K, 8 young (8192K), 8 survivors (8192K)
 Metaspace       used 123220K, committed 126016K, reserved 557056K
  class space    used 16964K, committed 18304K, reserved 425984K
}
Event: 78.252 GC heap before
{Heap before GC invocations=71 (full 0):
 garbage-first heap   total 404480K, used 357633K [0x0000000080000000, 0x0000000100000000)
  region size 1024K, 124 young (126976K), 8 survivors (8192K)
 Metaspace       used 124691K, committed 127616K, reserved 557056K
  class space    used 17077K, committed 18496K, reserved 425984K
}
Event: 78.274 GC heap after
{Heap after GC invocations=72 (full 0):
 garbage-first heap   total 404480K, used 246449K [0x0000000080000000, 0x0000000100000000)
  region size 1024K, 16 young (16384K), 16 survivors (16384K)
 Metaspace       used 124691K, committed 127616K, reserved 557056K
  class space    used 17077K, committed 18496K, reserved 425984K
}
Event: 80.553 GC heap before
{Heap before GC invocations=72 (full 0):
 garbage-first heap   total 404480K, used 363185K [0x0000000080000000, 0x0000000100000000)
  region size 1024K, 131 young (134144K), 16 survivors (16384K)
 Metaspace       used 125012K, committed 127936K, reserved 557056K
  class space    used 17082K, committed 18496K, reserved 425984K
}
Event: 80.587 GC heap after
{Heap after GC invocations=73 (full 0):
 garbage-first heap   total 404480K, used 266752K [0x0000000080000000, 0x0000000100000000)
  region size 1024K, 17 young (17408K), 17 survivors (17408K)
 Metaspace       used 125012K, committed 127936K, reserved 557056K
  class space    used 17082K, committed 18496K, reserved 425984K
}

Dll operation events (15 events):
Event: 0.007 Loaded shared library C:\Users\admin\.vscode\extensions\redhat.java-1.54.0-win32-x64\jre\21.0.10-win32-x86_64\bin\java.dll
Event: 0.082 Loaded shared library C:\Users\admin\.vscode\extensions\redhat.java-1.54.0-win32-x64\jre\21.0.10-win32-x86_64\bin\zip.dll
Event: 0.104 Loaded shared library C:\Users\admin\.vscode\extensions\redhat.java-1.54.0-win32-x64\jre\21.0.10-win32-x86_64\bin\instrument.dll
Event: 0.109 Loaded shared library C:\Users\admin\.vscode\extensions\redhat.java-1.54.0-win32-x64\jre\21.0.10-win32-x86_64\bin\net.dll
Event: 0.112 Loaded shared library C:\Users\admin\.vscode\extensions\redhat.java-1.54.0-win32-x64\jre\21.0.10-win32-x86_64\bin\nio.dll
Event: 0.115 Loaded shared library C:\Users\admin\.vscode\extensions\redhat.java-1.54.0-win32-x64\jre\21.0.10-win32-x86_64\bin\zip.dll
Event: 0.432 Loaded shared library C:\Users\admin\.vscode\extensions\redhat.java-1.54.0-win32-x64\jre\21.0.10-win32-x86_64\bin\jimage.dll
Event: 0.733 Loaded shared library C:\Users\admin\.vscode\extensions\redhat.java-1.54.0-win32-x64\jre\21.0.10-win32-x86_64\bin\verify.dll
Event: 0.836 Loaded shared library C:\Users\admin\.gradle\native\1def1411415f61bf3af743bc5b6707747c0891f09f0c88961ee8f79bc544acac\windows-amd64\native-platform.dll
Event: 0.849 Loaded shared library C:\Users\admin\.gradle\native\0.2.7\x86_64-windows-gnu\gradle-fileevents.dll
Event: 2.886 Loaded shared library C:\Users\admin\.vscode\extensions\redhat.java-1.54.0-win32-x64\jre\21.0.10-win32-x86_64\bin\management.dll
Event: 2.891 Loaded shared library C:\Users\admin\.vscode\extensions\redhat.java-1.54.0-win32-x64\jre\21.0.10-win32-x86_64\bin\management_ext.dll
Event: 3.086 Loaded shared library C:\Users\admin\.vscode\extensions\redhat.java-1.54.0-win32-x64\jre\21.0.10-win32-x86_64\bin\extnet.dll
Event: 3.492 Loaded shared library C:\Users\admin\.vscode\extensions\redhat.java-1.54.0-win32-x64\jre\21.0.10-win32-x86_64\bin\sunmscapi.dll
Event: 21.163 Loaded shared library C:\Users\admin\.vscode\extensions\redhat.java-1.54.0-win32-x64\jre\21.0.10-win32-x86_64\bin\rmi.dll

Deoptimization events (20 events):
Event: 79.940 Thread 0x000001b0ff0a3cd0 Uncommon trap: trap_request=0xffffffbe fr.pc=0x000001b0886f0034 relative=0x0000000000000b14
Event: 79.940 Thread 0x000001b0ff0a3cd0 Uncommon trap: reason=profile_predicate action=maybe_recompile pc=0x000001b0886f0034 method=org.gradle.api.internal.artifacts.transform.TransformingAsyncArtifactListener$TransformedArtifact.lambda$visit$3(Lorg/gradle/api/internal/artifacts/ivyservice/reso
Event: 79.940 Thread 0x000001b0ff0a3cd0 DEOPT PACKING pc=0x000001b0886f0034 sp=0x0000008193af84d0
Event: 79.940 Thread 0x000001b0ff0a3cd0 DEOPT UNPACKING pc=0x000001b087584422 sp=0x0000008193af8490 mode 2
Event: 79.940 Thread 0x000001b0ff0a3cd0 Uncommon trap: trap_request=0xffffffbe fr.pc=0x000001b0886f0034 relative=0x0000000000000b14
Event: 79.940 Thread 0x000001b0ff0a3cd0 Uncommon trap: reason=profile_predicate action=maybe_recompile pc=0x000001b0886f0034 method=org.gradle.api.internal.artifacts.transform.TransformingAsyncArtifactListener$TransformedArtifact.lambda$visit$3(Lorg/gradle/api/internal/artifacts/ivyservice/reso
Event: 79.940 Thread 0x000001b0ff0a3cd0 DEOPT PACKING pc=0x000001b0886f0034 sp=0x0000008193af84d0
Event: 79.940 Thread 0x000001b0ff0a3cd0 DEOPT UNPACKING pc=0x000001b087584422 sp=0x0000008193af8490 mode 2
Event: 80.334 Thread 0x000001b0ff0a3cd0 Uncommon trap: trap_request=0xffffff45 fr.pc=0x000001b087e98c7c relative=0x0000000000000edc
Event: 80.334 Thread 0x000001b0ff0a3cd0 Uncommon trap: reason=unstable_if action=reinterpret pc=0x000001b087e98c7c method=it.unimi.dsi.fastutil.objects.ReferenceOpenHashSet.add(Ljava/lang/Object;)Z @ 74 c2
Event: 80.334 Thread 0x000001b0ff0a3cd0 DEOPT PACKING pc=0x000001b087e98c7c sp=0x0000008193af7050
Event: 80.334 Thread 0x000001b0ff0a3cd0 DEOPT UNPACKING pc=0x000001b087584422 sp=0x0000008193af6e38 mode 2
Event: 80.334 Thread 0x000001b0ff0a3cd0 Uncommon trap: trap_request=0xffffff45 fr.pc=0x000001b0880d6c7c relative=0x000000000000071c
Event: 80.334 Thread 0x000001b0ff0a3cd0 Uncommon trap: reason=unstable_if action=reinterpret pc=0x000001b0880d6c7c method=it.unimi.dsi.fastutil.objects.ReferenceOpenHashSet.remove(Ljava/lang/Object;)Z @ 85 c2
Event: 80.334 Thread 0x000001b0ff0a3cd0 DEOPT PACKING pc=0x000001b0880d6c7c sp=0x0000008193af7010
Event: 80.334 Thread 0x000001b0ff0a3cd0 DEOPT UNPACKING pc=0x000001b087584422 sp=0x0000008193af6f00 mode 2
Event: 80.334 Thread 0x000001b0ff0a3cd0 Uncommon trap: trap_request=0xffffff45 fr.pc=0x000001b087cf581c relative=0x000000000000021c
Event: 80.334 Thread 0x000001b0ff0a3cd0 Uncommon trap: reason=unstable_if action=reinterpret pc=0x000001b087cf581c method=it.unimi.dsi.fastutil.objects.ReferenceOpenHashSet.add(Ljava/lang/Object;)Z @ 74 c2
Event: 80.335 Thread 0x000001b0ff0a3cd0 DEOPT PACKING pc=0x000001b087cf581c sp=0x0000008193af7050
Event: 80.335 Thread 0x000001b0ff0a3cd0 DEOPT UNPACKING pc=0x000001b087584422 sp=0x0000008193af6f98 mode 2

Classes loaded (20 events):
Event: 75.181 Loading class java/util/LinkedHashSetCustomizer
Event: 75.181 Loading class java/util/LinkedHashSetCustomizer done
Event: 75.181 Loading class java/util/LinkedHashSetCustomizer
Event: 75.181 Loading class java/util/LinkedHashSetCustomizer done
Event: 75.307 Loading class java/time/Instant$1
Event: 75.307 Loading class java/time/Instant$1 done
Event: 75.308 Loading class sun/reflect/misc/MethodUtil
Event: 75.309 Loading class sun/reflect/misc/MethodUtil done
Event: 75.309 Loading class sun/reflect/misc/MethodUtil$1
Event: 75.309 Loading class sun/reflect/misc/MethodUtil$1 done
Event: 75.456 Loading class java/nio/file/StandardCopyOption
Event: 75.457 Loading class java/nio/file/StandardCopyOption done
Event: 75.457 Loading class sun/nio/fs/WindowsFileCopy
Event: 75.457 Loading class sun/nio/fs/WindowsFileCopy done
Event: 75.687 Loading class java/util/concurrent/CompletableFuture$AsyncRun
Event: 75.689 Loading class java/util/concurrent/CompletableFuture$AsyncRun done
Event: 75.791 Loading class java/util/concurrent/CompletableFuture$Signaller
Event: 75.791 Loading class java/util/concurrent/CompletableFuture$Signaller done
Event: 75.909 Loading class jdk/internal/math/FormattedFPDecimal
Event: 75.909 Loading class jdk/internal/math/FormattedFPDecimal done

Classes unloaded (0 events):
No events

Classes redefined (0 events):
No events

Internal exceptions (20 events):
Event: 75.709 Thread 0x000001b0b1c7a830 Exception <a 'sun/nio/fs/WindowsException'{0x000000009632b870}> (0x000000009632b870) 
thrown [s\src\hotspot\share\prims\jni.cpp, line 520]
Event: 75.913 Thread 0x000001b0ff0a3cd0 Implicit null exception at 0x000001b08813d0e3 to 0x000001b088145254
Event: 76.046 Thread 0x000001b0ff0a3cd0 Exception <a 'sun/nio/fs/WindowsException'{0x0000000094141068}> (0x0000000094141068) 
thrown [s\src\hotspot\share\prims\jni.cpp, line 520]
Event: 76.048 Thread 0x000001b0ff0a3cd0 Exception <a 'sun/nio/fs/WindowsException'{0x0000000094142458}> (0x0000000094142458) 
thrown [s\src\hotspot\share\prims\jni.cpp, line 520]
Event: 76.048 Thread 0x000001b0ff0a3cd0 Exception <a 'sun/nio/fs/WindowsException'{0x0000000094143838}> (0x0000000094143838) 
thrown [s\src\hotspot\share\prims\jni.cpp, line 520]
Event: 76.048 Thread 0x000001b0ff0a3cd0 Exception <a 'sun/nio/fs/WindowsException'{0x00000000941448d8}> (0x00000000941448d8) 
thrown [s\src\hotspot\share\prims\jni.cpp, line 520]
Event: 76.191 Thread 0x000001b0ff0a3cd0 Exception <a 'sun/nio/fs/WindowsException'{0x0000000093cc0e48}> (0x0000000093cc0e48) 
thrown [s\src\hotspot\share\prims\jni.cpp, line 520]
Event: 76.191 Thread 0x000001b0ff0a3cd0 Exception <a 'sun/nio/fs/WindowsException'{0x0000000093cc2a48}> (0x0000000093cc2a48) 
thrown [s\src\hotspot\share\prims\jni.cpp, line 520]
Event: 76.191 Thread 0x000001b0ff0a3cd0 Exception <a 'sun/nio/fs/WindowsException'{0x0000000093cc4638}> (0x0000000093cc4638) 
thrown [s\src\hotspot\share\prims\jni.cpp, line 520]
Event: 76.192 Thread 0x000001b0ff0a3cd0 Exception <a 'sun/nio/fs/WindowsException'{0x0000000093cc5ee8}> (0x0000000093cc5ee8) 
thrown [s\src\hotspot\share\prims\jni.cpp, line 520]
Event: 76.581 Thread 0x000001b0ff0a3cd0 Implicit null exception at 0x000001b087ef75b4 to 0x000001b087efa954
Event: 76.581 Thread 0x000001b0ff0a3cd0 Implicit null exception at 0x000001b087eaaaf4 to 0x000001b087eaad10
Event: 76.773 Thread 0x000001b0af6df290 Implicit null exception at 0x000001b088603bb5 to 0x000001b088603f8c
Event: 76.959 Thread 0x000001b0af6df290 Exception <a 'sun/nio/fs/WindowsException'{0x00000000956924b0}> (0x00000000956924b0) 
thrown [s\src\hotspot\share\prims\jni.cpp, line 520]
Event: 76.959 Thread 0x000001b0af6df290 Exception <a 'sun/nio/fs/WindowsException'{0x0000000095694150}> (0x0000000095694150) 
thrown [s\src\hotspot\share\prims\jni.cpp, line 520]
Event: 76.959 Thread 0x000001b0af6df290 Exception <a 'sun/nio/fs/WindowsException'{0x0000000095695d40}> (0x0000000095695d40) 
thrown [s\src\hotspot\share\prims\jni.cpp, line 520]
Event: 76.959 Thread 0x000001b0af6df290 Exception <a 'sun/nio/fs/WindowsException'{0x0000000095697668}> (0x0000000095697668) 
thrown [s\src\hotspot\share\prims\jni.cpp, line 520]
Event: 76.970 Thread 0x000001b0af6df290 Exception <a 'sun/nio/fs/WindowsException'{0x00000000956c1908}> (0x00000000956c1908) 
thrown [s\src\hotspot\share\prims\jni.cpp, line 520]
Event: 76.970 Thread 0x000001b0af6df290 Exception <a 'sun/nio/fs/WindowsException'{0x00000000956c3590}> (0x00000000956c3590) 
thrown [s\src\hotspot\share\prims\jni.cpp, line 520]
Event: 76.970 Thread 0x000001b0af6df290 Exception <a 'sun/nio/fs/WindowsException'{0x00000000956c4ec0}> (0x00000000956c4ec0) 
thrown [s\src\hotspot\share\prims\jni.cpp, line 520]

ZGC Phase Switch (0 events):
No events

VM Operations (20 events):
Event: 75.477 Executing non-safepoint VM operation: HandshakeAllThreads (Deoptimize) done
Event: 76.048 Executing safepoint VM operation: ICBufferFull
Event: 76.048 Executing safepoint VM operation: ICBufferFull done
Event: 76.377 Executing safepoint VM operation: G1CollectForAllocation (G1 Evacuation Pause)
Event: 76.386 Executing safepoint VM operation: G1CollectForAllocation (G1 Evacuation Pause) done
Event: 76.561 Executing non-safepoint VM operation: HandshakeAllThreads (Deoptimize)
Event: 76.562 Executing non-safepoint VM operation: HandshakeAllThreads (Deoptimize) done
Event: 76.768 Executing safepoint VM operation: ICBufferFull
Event: 76.768 Executing safepoint VM operation: ICBufferFull done
Event: 77.342 Executing safepoint VM operation: ICBufferFull
Event: 77.345 Executing safepoint VM operation: ICBufferFull done
Event: 78.205 Executing safepoint VM operation: ICBufferFull
Event: 78.205 Executing safepoint VM operation: ICBufferFull done
Event: 78.252 Executing safepoint VM operation: G1CollectForAllocation (G1 Evacuation Pause)
Event: 78.275 Executing safepoint VM operation: G1CollectForAllocation (G1 Evacuation Pause) done
Event: 79.900 Executing safepoint VM operation: ICBufferFull
Event: 79.906 Executing safepoint VM operation: ICBufferFull done
Event: 80.553 Executing safepoint VM operation: G1CollectForAllocation (G1 Evacuation Pause)
Event: 80.587 Executing safepoint VM operation: G1CollectForAllocation (G1 Evacuation Pause) done
Event: 81.022 Executing safepoint VM operation: G1PauseRemark

Memory protections (0 events):
No events

Nmethod flushes (20 events):
Event: 81.031 Thread 0x000001b0fd555880 flushing  nmethod 0x000001b080ba2090
Event: 81.031 Thread 0x000001b0fd555880 flushing  nmethod 0x000001b080de0d10
Event: 81.031 Thread 0x000001b0fd555880 flushing  nmethod 0x000001b080e00390
Event: 81.031 Thread 0x000001b0fd555880 flushing  nmethod 0x000001b080e63f10
Event: 81.031 Thread 0x000001b0fd555880 flushing  nmethod 0x000001b080e8c990
Event: 81.031 Thread 0x000001b0fd555880 flushing  nmethod 0x000001b080fb4c10
Event: 81.031 Thread 0x000001b0fd555880 flushing  nmethod 0x000001b08107e890
Event: 81.031 Thread 0x000001b0fd555880 flushing  nmethod 0x000001b081146290
Event: 81.031 Thread 0x000001b0fd555880 flushing  nmethod 0x000001b081148010
Event: 81.031 Thread 0x000001b0fd555880 flushing  nmethod 0x000001b081148510
Event: 81.031 Thread 0x000001b0fd555880 flushing  nmethod 0x000001b0812e9810
Event: 81.031 Thread 0x000001b0fd555880 flushing  nmethod 0x000001b0812ea390
Event: 81.031 Thread 0x000001b0fd555880 flushing  nmethod 0x000001b0812ec290
Event: 81.031 Thread 0x000001b0fd555880 flushing  nmethod 0x000001b0812ed190
Event: 81.031 Thread 0x000001b0fd555880 flushing  nmethod 0x000001b0812edc90
Event: 81.031 Thread 0x000001b0fd555880 flushing  nmethod 0x000001b0812ee110
Event: 81.031 Thread 0x000001b0fd555880 flushing  nmethod 0x000001b0812f1010
Event: 81.031 Thread 0x000001b0fd555880 flushing  nmethod 0x000001b08146fb90
Event: 81.031 Thread 0x000001b0fd555880 flushing  nmethod 0x000001b08147a690
Event: 81.031 Thread 0x000001b0fd555880 flushing  nmethod 0x000001b081496410

Events (20 events):
Event: 76.739 Thread 0x000001b0af6dec00 Thread added: 0x000001b0af6df290
Event: 76.741 Thread 0x000001b0af6dec00 Thread added: 0x000001b0af6de570
Event: 76.854 Thread 0x000001b0af6df290 Thread added: 0x000001b0af6df920
Event: 76.892 Thread 0x000001b0af6df290 Thread added: 0x000001b0af6e0cd0
Event: 76.924 Thread 0x000001b0af6df290 Thread added: 0x000001b0b7d55e30
Event: 77.297 Thread 0x000001b0ff0a3cd0 Thread added: 0x000001b0b7d53040
Event: 77.395 Thread 0x000001b0ff0a3cd0 Thread added: 0x000001b0b7d51c90
Event: 77.787 Thread 0x000001b0ff0a3cd0 Thread added: 0x000001b0b7d564c0
Event: 78.555 Thread 0x000001b0b0d60d70 Thread exited: 0x000001b0b0d60d70
Event: 78.585 Thread 0x000001b0ff0a3cd0 Thread added: 0x000001b0b7d53d60
Event: 78.605 Thread 0x000001b0ff0a3cd0 Thread added: 0x000001b0b7d55110
Event: 78.704 Thread 0x000001b0ff0a3cd0 Thread added: 0x000001b0b7d50250
Event: 79.040 Thread 0x000001b0ff0a3cd0 Thread added: 0x000001b0b7d57870
Event: 79.068 Thread 0x000001b0ff0a3cd0 Thread added: 0x000001b0b7d54a80
Event: 79.293 Thread 0x000001b0fd57b850 Thread added: 0x000001b0b6b3be60
Event: 79.889 Thread 0x000001b0ff0a3cd0 Thread added: 0x000001b0b7d56b50
Event: 79.919 Thread 0x000001b0ff0a3cd0 Thread added: 0x000001b0b7d508e0
Event: 80.147 Thread 0x000001b0ff0a3cd0 Thread added: 0x000001b0b7d543f0
Event: 80.185 Thread 0x000001b0ff0a3cd0 Thread added: 0x000001b0b7d557a0
Event: 80.787 Thread 0x000001b0b6b3be60 Thread exited: 0x000001b0b6b3be60


Dynamic libraries:
0x00007ff64af10000 - 0x00007ff64af1e000 	C:\Users\admin\.vscode\extensions\redhat.java-1.54.0-win32-x64\jre\21.0.10-win32-x86_64\bin\java.exe
0x00007ff8f4640000 - 0x00007ff8f4830000 	C:\Windows\SYSTEM32\ntdll.dll
0x00007ff8f40c0000 - 0x00007ff8f4172000 	C:\Windows\System32\KERNEL32.DLL
0x00007ff8f1e80000 - 0x00007ff8f2125000 	C:\Windows\System32\KERNELBASE.dll
0x00007ff8f1600000 - 0x00007ff8f16fa000 	C:\Windows\System32\ucrtbase.dll
0x00007ff8daa40000 - 0x00007ff8daa5e000 	C:\Users\admin\.vscode\extensions\redhat.java-1.54.0-win32-x64\jre\21.0.10-win32-x86_64\bin\VCRUNTIME140.dll
0x00007ff8daa60000 - 0x00007ff8daa78000 	C:\Users\admin\.vscode\extensions\redhat.java-1.54.0-win32-x64\jre\21.0.10-win32-x86_64\bin\jli.dll
0x00007ff8f32a0000 - 0x00007ff8f3434000 	C:\Windows\System32\USER32.dll
0x00007ff8f2670000 - 0x00007ff8f2691000 	C:\Windows\System32\win32u.dll
0x00007ff8f4520000 - 0x00007ff8f4546000 	C:\Windows\System32\GDI32.dll
0x00007ff8e3670000 - 0x00007ff8e38f4000 	C:\Windows\WinSxS\amd64_microsoft.windows.common-controls_6595b64144ccf1df_6.0.18362.1556_none_9e7e372fe45e41d5\COMCTL32.dll
0x00007ff8f2390000 - 0x00007ff8f2528000 	C:\Windows\System32\gdi32full.dll
0x00007ff8f2290000 - 0x00007ff8f232e000 	C:\Windows\System32\msvcp_win.dll
0x00007ff8f2790000 - 0x00007ff8f282e000 	C:\Windows\System32\msvcrt.dll
0x00007ff8f4180000 - 0x00007ff8f44b6000 	C:\Windows\System32\combase.dll
0x00007ff8f3440000 - 0x00007ff8f355f000 	C:\Windows\System32\RPCRT4.dll
0x00007ff8f25e0000 - 0x00007ff8f2661000 	C:\Windows\System32\bcryptPrimitives.dll
0x00007ff8f2c60000 - 0x00007ff8f2c8e000 	C:\Windows\System32\IMM32.DLL
0x00007ff8e2910000 - 0x00007ff8e291c000 	C:\Users\admin\.vscode\extensions\redhat.java-1.54.0-win32-x64\jre\21.0.10-win32-x86_64\bin\vcruntime140_1.dll
0x00007ff8ae8d0000 - 0x00007ff8ae95d000 	C:\Users\admin\.vscode\extensions\redhat.java-1.54.0-win32-x64\jre\21.0.10-win32-x86_64\bin\msvcp140.dll
0x00007ff8911a0000 - 0x00007ff891f41000 	C:\Users\admin\.vscode\extensions\redhat.java-1.54.0-win32-x64\jre\21.0.10-win32-x86_64\bin\server\jvm.dll
0x00007ff8f2900000 - 0x00007ff8f29a3000 	C:\Windows\System32\ADVAPI32.dll
0x00007ff8f26f0000 - 0x00007ff8f2787000 	C:\Windows\System32\sechost.dll
0x00007ff8f1540000 - 0x00007ff8f158a000 	C:\Windows\System32\POWRPROF.dll
0x00007ff8f14f0000 - 0x00007ff8f1500000 	C:\Windows\System32\UMPDC.dll
0x00007ff8f2c90000 - 0x00007ff8f2cff000 	C:\Windows\System32\WS2_32.dll
0x00007ff8e6ed0000 - 0x00007ff8e6eda000 	C:\Windows\SYSTEM32\VERSION.dll
0x00007ff8ef450000 - 0x00007ff8ef474000 	C:\Windows\SYSTEM32\WINMM.dll
0x00007ff8ef420000 - 0x00007ff8ef44d000 	C:\Windows\SYSTEM32\winmmbase.dll
0x00007ff8f15b0000 - 0x00007ff8f15fa000 	C:\Windows\System32\cfgmgr32.dll
0x00007ff8f1500000 - 0x00007ff8f1511000 	C:\Windows\System32\kernel.appcore.dll
0x00007ff8defd0000 - 0x00007ff8defda000 	C:\Users\admin\.vscode\extensions\redhat.java-1.54.0-win32-x64\jre\21.0.10-win32-x86_64\bin\jimage.dll
0x00007ff8e24a0000 - 0x00007ff8e2694000 	C:\Windows\SYSTEM32\DBGHELP.DLL
0x00007ff8dfd60000 - 0x00007ff8dfd8a000 	C:\Windows\SYSTEM32\dbgcore.DLL
0x00007ff8dd6f0000 - 0x00007ff8dd6ff000 	C:\Users\admin\.vscode\extensions\redhat.java-1.54.0-win32-x64\jre\21.0.10-win32-x86_64\bin\instrument.dll
0x00007ff8d4020000 - 0x00007ff8d4040000 	C:\Users\admin\.vscode\extensions\redhat.java-1.54.0-win32-x64\jre\21.0.10-win32-x86_64\bin\java.dll
0x00007ff8f3560000 - 0x00007ff8f3c47000 	C:\Windows\System32\SHELL32.dll
0x00007ff8f4550000 - 0x00007ff8f45f8000 	C:\Windows\System32\shcore.dll
0x00007ff8f1700000 - 0x00007ff8f1e7b000 	C:\Windows\System32\windows.storage.dll
0x00007ff8f1520000 - 0x00007ff8f153e000 	C:\Windows\System32\profapi.dll
0x00007ff8f44c0000 - 0x00007ff8f4512000 	C:\Windows\System32\shlwapi.dll
0x00007ff8f26d0000 - 0x00007ff8f26e7000 	C:\Windows\System32\cryptsp.dll
0x00007ff8c69e0000 - 0x00007ff8c69f8000 	C:\Users\admin\.vscode\extensions\redhat.java-1.54.0-win32-x64\jre\21.0.10-win32-x86_64\bin\zip.dll
0x00007ff8de760000 - 0x00007ff8de770000 	C:\Users\admin\.vscode\extensions\redhat.java-1.54.0-win32-x64\jre\21.0.10-win32-x86_64\bin\net.dll
0x00007ff8ea080000 - 0x00007ff8ea17a000 	C:\Windows\SYSTEM32\WINHTTP.dll
0x00007ff8f0cd0000 - 0x00007ff8f0d37000 	C:\Windows\system32\mswsock.dll
0x00007ff8c69c0000 - 0x00007ff8c69d6000 	C:\Users\admin\.vscode\extensions\redhat.java-1.54.0-win32-x64\jre\21.0.10-win32-x86_64\bin\nio.dll
0x00007ff8dd240000 - 0x00007ff8dd250000 	C:\Users\admin\.vscode\extensions\redhat.java-1.54.0-win32-x64\jre\21.0.10-win32-x86_64\bin\verify.dll
0x00007ff8b1b00000 - 0x00007ff8b1b27000 	C:\Users\admin\.gradle\native\1def1411415f61bf3af743bc5b6707747c0891f09f0c88961ee8f79bc544acac\windows-amd64\native-platform.dll
0x00007ff8b1a80000 - 0x00007ff8b1af8000 	C:\Users\admin\.gradle\native\0.2.7\x86_64-windows-gnu\gradle-fileevents.dll
0x00007ff8e2920000 - 0x00007ff8e292a000 	C:\Users\admin\.vscode\extensions\redhat.java-1.54.0-win32-x64\jre\21.0.10-win32-x86_64\bin\management.dll
0x00007ff8dcdc0000 - 0x00007ff8dcdcc000 	C:\Users\admin\.vscode\extensions\redhat.java-1.54.0-win32-x64\jre\21.0.10-win32-x86_64\bin\management_ext.dll
0x00007ff8f29b0000 - 0x00007ff8f29b8000 	C:\Windows\System32\PSAPI.DLL
0x00007ff8f09e0000 - 0x00007ff8f0a1a000 	C:\Windows\SYSTEM32\IPHLPAPI.DLL
0x00007ff8f2d90000 - 0x00007ff8f2d98000 	C:\Windows\System32\NSI.dll
0x00007ff8dba00000 - 0x00007ff8dba09000 	C:\Users\admin\.vscode\extensions\redhat.java-1.54.0-win32-x64\jre\21.0.10-win32-x86_64\bin\extnet.dll
0x00007ff8f0850000 - 0x00007ff8f0883000 	C:\Windows\system32\rsaenh.dll
0x00007ff8f26a0000 - 0x00007ff8f26c6000 	C:\Windows\System32\bcrypt.dll
0x00007ff8f1410000 - 0x00007ff8f1435000 	C:\Windows\SYSTEM32\USERENV.dll
0x00007ff8f0ea0000 - 0x00007ff8f0eac000 	C:\Windows\SYSTEM32\CRYPTBASE.dll
0x00007ff8dca90000 - 0x00007ff8dca9e000 	C:\Users\admin\.vscode\extensions\redhat.java-1.54.0-win32-x64\jre\21.0.10-win32-x86_64\bin\sunmscapi.dll
0x00007ff8f2130000 - 0x00007ff8f2281000 	C:\Windows\System32\CRYPT32.dll
0x00007ff8f1590000 - 0x00007ff8f15a2000 	C:\Windows\System32\MSASN1.dll
0x00007ff8f0fb0000 - 0x00007ff8f0fd6000 	C:\Windows\SYSTEM32\ncrypt.dll
0x00007ff8f0f70000 - 0x00007ff8f0fab000 	C:\Windows\SYSTEM32\NTASN1.dll
0x00007ff8d44a0000 - 0x00007ff8d44a7000 	C:\Windows\system32\wshunix.dll
0x00007ff8de1f0000 - 0x00007ff8de206000 	C:\Windows\system32\napinsp.dll
0x00007ff8de0f0000 - 0x00007ff8de10a000 	C:\Windows\system32\pnrpnsp.dll
0x00007ff8f0a20000 - 0x00007ff8f0aeb000 	C:\Windows\SYSTEM32\DNSAPI.dll
0x00007ff8de0e0000 - 0x00007ff8de0ee000 	C:\Windows\System32\winrnr.dll
0x00007ff8edb90000 - 0x00007ff8edbac000 	C:\Windows\system32\NLAapi.dll
0x00007ff8de0c0000 - 0x00007ff8de0d5000 	C:\Windows\system32\wshbth.dll
0x00007ff8e6ea0000 - 0x00007ff8e6eaa000 	C:\Windows\System32\rasadhlp.dll
0x00007ff8eb180000 - 0x00007ff8eb1f7000 	C:\Windows\System32\fwpuclnt.dll
0x00007ff8e9cf0000 - 0x00007ff8e9cf7000 	C:\Users\admin\.vscode\extensions\redhat.java-1.54.0-win32-x64\jre\21.0.10-win32-x86_64\bin\rmi.dll

JVMTI agents:
C:\Users\admin\.gradle\wrapper\dists\gradle-8.14-all\c2qonpi39x1mddn7hk5gh9iqj\gradle-8.14\lib\agents\gradle-instrumentation-agent-8.14.jar path:C:\Users\admin\.vscode\extensions\redhat.java-1.54.0-win32-x64\jre\21.0.10-win32-x86_64\bin\instrument.dll, loaded, initialized, instrumentlib options:none

dbghelp: loaded successfully - version: 4.0.5 - missing functions: none
symbol engine: initialized successfully - sym options: 0x614 - pdb path: .;C:\Users\admin\.vscode\extensions\redhat.java-1.54.0-win32-x64\jre\21.0.10-win32-x86_64\bin;C:\Windows\SYSTEM32;C:\Windows\WinSxS\amd64_microsoft.windows.common-controls_6595b64144ccf1df_6.0.18362.1556_none_9e7e372fe45e41d5;C:\Users\admin\.vscode\extensions\redhat.java-1.54.0-win32-x64\jre\21.0.10-win32-x86_64\bin\server;C:\Users\admin\.gradle\native\1def1411415f61bf3af743bc5b6707747c0891f09f0c88961ee8f79bc544acac\windows-amd64;C:\Users\admin\.gradle\native\0.2.7\x86_64-windows-gnu

VM Arguments:
jvm_args: --add-opens=java.base/java.lang=ALL-UNNAMED --add-opens=java.base/java.lang.invoke=ALL-UNNAMED --add-opens=java.base/java.util=ALL-UNNAMED --add-opens=java.prefs/java.util.prefs=ALL-UNNAMED --add-exports=jdk.compiler/com.sun.tools.javac.api=ALL-UNNAMED --add-exports=jdk.compiler/com.sun.tools.javac.util=ALL-UNNAMED --add-opens=java.base/java.util=ALL-UNNAMED --add-opens=java.prefs/java.util.prefs=ALL-UNNAMED --add-opens=java.base/java.nio.charset=ALL-UNNAMED --add-opens=java.base/java.net=ALL-UNNAMED --add-opens=java.base/java.util.concurrent.atomic=ALL-UNNAMED --add-opens=java.xml/javax.xml.namespace=ALL-UNNAMED -XX:MaxMetaspaceSize=512m -XX:+HeapDumpOnOutOfMemoryError -Xmx2048m -Dfile.encoding=UTF-8 -Duser.country=US -Duser.language=en -Duser.variant -javaagent:C:\Users\admin\.gradle\wrapper\dists\gradle-8.14-all\c2qonpi39x1mddn7hk5gh9iqj\gradle-8.14\lib\agents\gradle-instrumentation-agent-8.14.jar 
java_command: org.gradle.launcher.daemon.bootstrap.GradleDaemon 8.14
java_class_path (initial): C:\Users\admin\.gradle\wrapper\dists\gradle-8.14-all\c2qonpi39x1mddn7hk5gh9iqj\gradle-8.14\lib\gradle-daemon-main-8.14.jar
Launcher Type: SUN_STANDARD

[Global flags]
     intx CICompilerCount                          = 3                                         {product} {ergonomic}
   size_t CompressedClassSpaceSize                 = 436207616                                 {product} {ergonomic}
     uint ConcGCThreads                            = 1                                         {product} {ergonomic}
     uint G1ConcRefinementThreads                  = 4                                         {product} {ergonomic}
   size_t G1HeapRegionSize                         = 1048576                                   {product} {ergonomic}
    uintx GCDrainStackTargetSize                   = 64                                        {product} {ergonomic}
     bool HeapDumpOnOutOfMemoryError               = true                                   {manageable} {command line}
   size_t InitialHeapSize                          = 134217728                                 {product} {ergonomic}
   size_t MarkStackSize                            = 4194304                                   {product} {ergonomic}
   size_t MaxHeapSize                              = 2147483648                                {product} {command line}
   size_t MaxMetaspaceSize                         = 536870912                                 {product} {command line}
   size_t MaxNewSize                               = 1287651328                                {product} {ergonomic}
   size_t MinHeapDeltaBytes                        = 1048576                                   {product} {ergonomic}
   size_t MinHeapSize                              = 8388608                                   {product} {ergonomic}
    uintx NonNMethodCodeHeapSize                   = 5832780                                {pd product} {ergonomic}
    uintx NonProfiledCodeHeapSize                  = 122912730                              {pd product} {ergonomic}
    uintx ProfiledCodeHeapSize                     = 122912730                              {pd product} {ergonomic}
    uintx ReservedCodeCacheSize                    = 251658240                              {pd product} {ergonomic}
     bool SegmentedCodeCache                       = true                                      {product} {ergonomic}
   size_t SoftMaxHeapSize                          = 2147483648                             {manageable} {ergonomic}
     bool UseCompressedOops                        = true                           {product lp64_product} {ergonomic}
     bool UseG1GC                                  = true                                      {product} {ergonomic}
     bool UseLargePagesIndividualAllocation        = false                                  {pd product} {ergonomic}

Logging:
Log output configuration:
 #0: stdout all=warning uptime,level,tags foldmultilines=false
 #1: stderr all=off uptime,level,tags foldmultilines=false

Release file:
JAVA_VERSION="21.0.10" 
MODULES="java.base java.compiler java.datatransfer java.xml java.prefs java.desktop java.instrument java.logging java.management java.security.sasl java.naming java.rmi java.management.rmi java.net.http java.scripting java.security.jgss java.transaction.xa java.sql java.sql.rowset java.xml.crypto java.se java.smartcardio jdk.accessibility jdk.internal.jvmstat jdk.attach jdk.charsets jdk.internal.opt jdk.zipfs jdk.compiler jdk.crypto.ec jdk.crypto.cryptoki jdk.crypto.mscapi jdk.dynalink jdk.internal.ed jdk.editpad jdk.hotspot.agent jdk.httpserver jdk.internal.le jdk.internal.vm.ci jdk.internal.vm.compiler jdk.internal.vm.compiler.management jdk.jartool jdk.javadoc jdk.jcmd jdk.management jdk.management.agent jdk.jconsole jdk.jdeps jdk.jdwp.agent jdk.jdi jdk.jfr jdk.jshell jdk.jsobject jdk.jstatd jdk.localedata jdk.management.jfr jdk.naming.dns jdk.naming.rmi jdk.net jdk.nio.mapmode jdk.random jdk.sctp jdk.security.auth jdk.security.jgss jdk.unsupported jdk.unsupported.desktop jdk.xml.dom" 

Environment Variables:
JAVA_HOME=C:\Program Files\Java\jdk-17
PATH=C:\Python314\Scripts\;C:\Python314\;C:\Windows\system32;C:\Windows;C:\Windows\System32\Wbem;C:\Windows\System32\WindowsPowerShell\v1.0\;C:\Windows\System32\OpenSSH\;C:\Program Files (x86)\Microsoft SQL Server\170\Tools\Binn\;C:\Program Files\Microsoft SQL Server\170\Tools\Binn\;C:\Program Files\Microsoft SQL Server\Client SDK\ODBC\180\Tools\Binn\;C:\Program Files\Microsoft SQL Server\170\DTS\Binn\;C:\Program Files\nodejs\;C:\ProgramData\chocolatey\bin;C:\Program Files\dotnet\;C:\Program Files\MySQL\MySQL Server 9.6\bin;C:\Program Files\Git\cmd;C:\Program Files\Java\jdk-17\bin;C:\Program Files\Common Files\Oracle\Java\javapath;C:\Program Files\Java\jdk-17\bin;C:\Users\admin\Downloads\Release-26.02.0-0\poppler-26.02.0\Library\bin;D:\program Files\cursor\resources\app\bin;C:\Users\admin\AppData\Local\Microsoft\WindowsApps;d:\Users\admin\AppData\Local\Programs\Microsoft VS Code\bin;C:\Users\admin\AppData\Roaming\npm;C:\Users\admin\.dotnet\tools;C:\flutter\bin;C:\Users\admin\AppData\Local\Programs\Antigravity\bin
USERNAME=admin
OS=Windows_NT
PROCESSOR_IDENTIFIER=Intel64 Family 6 Model 58 Stepping 9, GenuineIntel
TMP=C:\Users\admin\AppData\Local\Temp
TEMP=C:\Users\admin\AppData\Local\Temp




Periodic native trim disabled

---------------  S Y S T E M  ---------------

OS:
 Windows 10 , 64 bit Build 18362 (10.0.18362.1500)
OS uptime: 0 days 0:48 hours

CPU: total 4 (initial active 4) (4 cores per cpu, 1 threads per core) family 6 model 58 stepping 9 microcode 0x20, cx8, cmov, fxsr, mmx, sse, sse2, sse3, ssse3, sse4.1, sse4.2, popcnt, tsc, tscinvbit, avx, aes, erms, clmul, vzeroupper, clflush, rdtscp, f16c
Processor Information for the first 4 processors :
  Max Mhz: 2901, Current Mhz: 2901, Mhz Limit: 2901

Memory: 4k page, system-wide physical 8079M (458M free)
TotalPageFile size 15220M (AvailPageFile size 21M)
current process WorkingSet (physical memory assigned to process): 757M, peak: 760M
current process commit charge ("private bytes"): 790M, peak: 830M

vm_info: OpenJDK 64-Bit Server VM (21.0.10+7-LTS) for windows-amd64 JRE (21.0.10+7-LTS), built on 2026-01-20T00:00:00Z by "admin" with MS VC++ 17.12 (VS2022)

END.
