#
# There is insufficient memory for the Java Runtime Environment to continue.
# Native memory allocation (malloc) failed to allocate 1226208 bytes. Error detail: Chunk::new
# Possible reasons:
#   The system is out of physical RAM or swap space
#   This process is running with CompressedOops enabled, and the Java Heap may be blocking the growth of the native heap
# Possible solutions:
#   Reduce memory load on the system
#   Increase physical memory or swap space
#   Check if swap backing store is full
#   Decrease Java heap size (-Xmx/-Xms)
#   Decrease number of Java threads
#   Decrease Java thread stack sizes (-Xss)
#   Set larger code cache with -XX:ReservedCodeCacheSize=
#   JVM is running with Unscaled Compressed Oops mode in which the Java heap is
#     placed in the first 4GB address space. The Java Heap base address is the
#     maximum limit for the native heap growth. Please use -XX:HeapBaseMinAddress
#     to set the Java Heap base and to place the Java Heap above 4GB virtual address.
# This output file may be truncated or incomplete.
#
#  Out of Memory Error (arena.cpp:168), pid=6420, tid=4036
#
# JRE version: OpenJDK Runtime Environment Temurin-21.0.10+7 (21.0.10+7) (build 21.0.10+7-LTS)
# Java VM: OpenJDK 64-Bit Server VM Temurin-21.0.10+7 (21.0.10+7-LTS, mixed mode, sharing, tiered, compressed oops, compressed class ptrs, g1 gc, windows-amd64)
# No core dump will be written. Minidumps are not enabled by default on client versions of Windows
#

---------------  S U M M A R Y ------------

Command Line: --add-opens=java.base/java.lang=ALL-UNNAMED --add-opens=java.base/java.lang.invoke=ALL-UNNAMED --add-opens=java.base/java.util=ALL-UNNAMED --add-opens=java.prefs/java.util.prefs=ALL-UNNAMED --add-exports=jdk.compiler/com.sun.tools.javac.api=ALL-UNNAMED --add-exports=jdk.compiler/com.sun.tools.javac.util=ALL-UNNAMED --add-opens=java.base/java.util=ALL-UNNAMED --add-opens=java.prefs/java.util.prefs=ALL-UNNAMED --add-opens=java.base/java.nio.charset=ALL-UNNAMED --add-opens=java.base/java.net=ALL-UNNAMED --add-opens=java.base/java.util.concurrent.atomic=ALL-UNNAMED --add-opens=java.xml/javax.xml.namespace=ALL-UNNAMED -XX:MaxMetaspaceSize=512m -XX:+HeapDumpOnOutOfMemoryError -Xmx2048m -Dfile.encoding=UTF-8 -Duser.country=US -Duser.language=en -Duser.variant -javaagent:C:\Users\admin\.gradle\wrapper\dists\gradle-8.14-all\c2qonpi39x1mddn7hk5gh9iqj\gradle-8.14\lib\agents\gradle-instrumentation-agent-8.14.jar org.gradle.launcher.daemon.bootstrap.GradleDaemon 8.14

Host: Intel(R) Core(TM) i5-3470S CPU @ 2.90GHz, 4 cores, 7G,  Windows 10 , 64 bit Build 18362 (10.0.18362.1500)
Time: Fri Jun 19 13:07:53 2026 India Standard Time elapsed time: 60.053892 seconds (0d 0h 1m 0s)

---------------  T H R E A D  ---------------

Current thread (0x0000026750322610):  JavaThread "C2 CompilerThread1" daemon [_thread_in_native, id=4036, stack(0x000000ad94100000,0x000000ad94200000) (1024K)]


Current CompileTask:
C2:60053 14748       4       org.jetbrains.kotlin.load.java.structure.impl.classFiles.BinaryClassSignatureParser::parseParameterizedClassRefSignature (257 bytes)

Stack: [0x000000ad94100000,0x000000ad94200000]
Native frames: (J=compiled Java code, j=interpreted, Vv=VM code, C=native code)
V  [jvm.dll+0x6d7a39]
V  [jvm.dll+0x8b4b26]
V  [jvm.dll+0x8b70de]
V  [jvm.dll+0x8b77c3]
V  [jvm.dll+0x284346]
V  [jvm.dll+0xc66ed]
V  [jvm.dll+0xc6c31]
V  [jvm.dll+0x3bec3b]
V  [jvm.dll+0x38b162]
V  [jvm.dll+0x38a5aa]
V  [jvm.dll+0x24c560]
V  [jvm.dll+0x24bb40]
V  [jvm.dll+0x1cb34e]
V  [jvm.dll+0x25b85d]
V  [jvm.dll+0x259dea]
V  [jvm.dll+0x3f857e]
V  [jvm.dll+0x85f59d]
V  [jvm.dll+0x6d626d]
C  [ucrtbase.dll+0x210b2]
C  [KERNEL32.DLL+0x17c24]
C  [ntdll.dll+0x6d721]


---------------  P R O C E S S  ---------------

Threads class SMR info:
_java_thread_list=0x000002674ba703c0, length=58, elements={
0x000002670e64c9c0, 0x00000267255549a0, 0x00000267255558c0, 0x00000267255567e0,
0x000002672555a360, 0x000002672555adc0, 0x000002672555dab0, 0x0000026725566850,
0x000002672556dd50, 0x000002672578ef60, 0x00000267257916c0, 0x00000267257909a0,
0x000002672578fc80, 0x000002672578e8d0, 0x0000026725791030, 0x0000026725791d50,
0x0000026746664bc0, 0x000002674666ae30, 0x0000026746666c90, 0x0000026746668d60,
0x000002674666b4c0, 0x0000026746664530, 0x000002674666bb50, 0x0000026746667320,
0x00000267466658e0, 0x0000026746665250, 0x00000267466686d0, 0x00000267466679b0,
0x0000026746665f70, 0x00000267466693f0, 0x0000026746668040, 0x0000026746669a80,
0x0000026745181340, 0x000002674517f900, 0x00000267451819d0, 0x000002674517c480,
0x000002674517dec0, 0x000002674517e550, 0x000002674517d830, 0x000002674517ff90,
0x00000267482f4ba0, 0x00000267482f3160, 0x00000267482f8020, 0x00000267482f5230,
0x00000267482f37f0, 0x00000267482f7300, 0x00000267482f6c70, 0x00000267482f86b0,
0x00000267482f9a60, 0x00000267482f2ad0, 0x00000267482fa0f0, 0x0000026746e38660,
0x0000026746e37fd0, 0x0000026746e33110, 0x0000026746e372b0, 0x0000026746e36c20,
0x0000026746e36590, 0x0000026750322610
}

Java Threads: ( => current thread )
  0x000002670e64c9c0 JavaThread "main"                              [_thread_blocked, id=9468, stack(0x000000ad90200000,0x000000ad90300000) (1024K)]
  0x00000267255549a0 JavaThread "Reference Handler"          daemon [_thread_blocked, id=4244, stack(0x000000ad90a00000,0x000000ad90b00000) (1024K)]
  0x00000267255558c0 JavaThread "Finalizer"                  daemon [_thread_blocked, id=11028, stack(0x000000ad90b00000,0x000000ad90c00000) (1024K)]
  0x00000267255567e0 JavaThread "Signal Dispatcher"          daemon [_thread_blocked, id=9888, stack(0x000000ad90c00000,0x000000ad90d00000) (1024K)]
  0x000002672555a360 JavaThread "Attach Listener"            daemon [_thread_blocked, id=11676, stack(0x000000ad90d00000,0x000000ad90e00000) (1024K)]
  0x000002672555adc0 JavaThread "Service Thread"             daemon [_thread_blocked, id=8612, stack(0x000000ad90e00000,0x000000ad90f00000) (1024K)]
  0x000002672555dab0 JavaThread "Monitor Deflation Thread"   daemon [_thread_blocked, id=11576, stack(0x000000ad90f00000,0x000000ad91000000) (1024K)]
  0x0000026725566850 JavaThread "C2 CompilerThread0"         daemon [_thread_blocked, id=3904, stack(0x000000ad91000000,0x000000ad91100000) (1024K)]
  0x000002672556dd50 JavaThread "C1 CompilerThread0"         daemon [_thread_blocked, id=9088, stack(0x000000ad91100000,0x000000ad91200000) (1024K)]
  0x000002672578ef60 JavaThread "Common-Cleaner"             daemon [_thread_blocked, id=6756, stack(0x000000ad91200000,0x000000ad91300000) (1024K)]
  0x00000267257916c0 JavaThread "Notification Thread"        daemon [_thread_blocked, id=6048, stack(0x000000ad91300000,0x000000ad91400000) (1024K)]
  0x00000267257909a0 JavaThread "Daemon health stats"               [_thread_blocked, id=6284, stack(0x000000ad91800000,0x000000ad91900000) (1024K)]
  0x000002672578fc80 JavaThread "Incoming local TCP Connector on port 50543"        [_thread_in_native, id=4536, stack(0x000000ad91900000,0x000000ad91a00000) (1024K)]
  0x000002672578e8d0 JavaThread "Daemon periodic checks"            [_thread_blocked, id=11976, stack(0x000000ad91a00000,0x000000ad91b00000) (1024K)]
  0x0000026725791030 JavaThread "Daemon"                            [_thread_blocked, id=7700, stack(0x000000ad91b00000,0x000000ad91c00000) (1024K)]
  0x0000026725791d50 JavaThread "Handler for socket connection from /127.0.0.1:50543 to /127.0.0.1:50544"        [_thread_in_native, id=11680, stack(0x000000ad91c00000,0x000000ad91d00000) (1024K)]
  0x0000026746664bc0 JavaThread "Cancel handler"                    [_thread_blocked, id=7624, stack(0x000000ad91d00000,0x000000ad91e00000) (1024K)]
  0x000002674666ae30 JavaThread "Daemon worker"                     [_thread_in_vm, id=10452, stack(0x000000ad91e00000,0x000000ad91f00000) (1024K)]
  0x0000026746666c90 JavaThread "Asynchronous log dispatcher for DefaultDaemonConnection: socket connection from /127.0.0.1:50543 to /127.0.0.1:50544"        [_thread_blocked, id=9636, stack(0x000000ad91f00000,0x000000ad92000000) (1024K)]
  0x0000026746668d60 JavaThread "Stdin handler"                     [_thread_blocked, id=4232, stack(0x000000ad92000000,0x000000ad92100000) (1024K)]
  0x000002674666b4c0 JavaThread "Daemon client event forwarder"        [_thread_blocked, id=6060, stack(0x000000ad92100000,0x000000ad92200000) (1024K)]
  0x0000026746664530 JavaThread "Cache worker for journal cache (C:\Users\admin\.gradle\caches\journal-1)"        [_thread_blocked, id=6652, stack(0x000000ad92200000,0x000000ad92300000) (1024K)]
  0x000002674666bb50 JavaThread "File lock request listener"        [_thread_in_native, id=3620, stack(0x000000ad92300000,0x000000ad92400000) (1024K)]
  0x0000026746667320 JavaThread "Cache worker for file hash cache (C:\Users\admin\.gradle\caches\8.14\fileHashes)"        [_thread_blocked, id=6424, stack(0x000000ad92400000,0x000000ad92500000) (1024K)]
  0x00000267466658e0 JavaThread "Cache worker for file hash cache (C:\Users\admin\Desktop\Bigiluu-DMK\dmk_project\android\.gradle\8.14\fileHashes)"        [_thread_blocked, id=10752, stack(0x000000ad92500000,0x000000ad92600000) (1024K)]
  0x0000026746665250 JavaThread "Cache worker for Build Output Cleanup Cache (C:\Users\admin\Desktop\Bigiluu-DMK\dmk_project\android\.gradle\buildOutputCleanup)"        [_thread_blocked, id=8312, stack(0x000000ad92600000,0x000000ad92700000) (1024K)]
  0x00000267466686d0 JavaThread "File watcher server"        daemon [_thread_in_native, id=3384, stack(0x000000ad92700000,0x000000ad92800000) (1024K)]
  0x00000267466679b0 JavaThread "File watcher consumer"      daemon [_thread_blocked, id=6560, stack(0x000000ad92800000,0x000000ad92900000) (1024K)]
  0x0000026746665f70 JavaThread "jar transforms"                    [_thread_blocked, id=7348, stack(0x000000ad92900000,0x000000ad92a00000) (1024K)]
  0x00000267466693f0 JavaThread "jar transforms Thread 2"           [_thread_blocked, id=9532, stack(0x000000ad92a00000,0x000000ad92b00000) (1024K)]
  0x0000026746668040 JavaThread "Cache worker for checksums cache (C:\Users\admin\Desktop\Bigiluu-DMK\dmk_project\android\.gradle\8.14\checksums)"        [_thread_blocked, id=5480, stack(0x000000ad92b00000,0x000000ad92c00000) (1024K)]
  0x0000026746669a80 JavaThread "Cache worker for file content cache (C:\Users\admin\.gradle\caches\8.14\fileContent)"        [_thread_blocked, id=5612, stack(0x000000ad92c00000,0x000000ad92d00000) (1024K)]
  0x0000026745181340 JavaThread "Cache worker for cache directory md-supplier (C:\Users\admin\.gradle\caches\8.14\md-supplier)"        [_thread_blocked, id=11828, stack(0x000000ad92d00000,0x000000ad92e00000) (1024K)]
  0x000002674517f900 JavaThread "Cache worker for cache directory md-rule (C:\Users\admin\.gradle\caches\8.14\md-rule)"        [_thread_blocked, id=5020, stack(0x000000ad92e00000,0x000000ad92f00000) (1024K)]
  0x00000267451819d0 JavaThread "Cache worker for Build Output Cleanup Cache (C:\flutter\packages\flutter_tools\gradle\.gradle\buildOutputCleanup)"        [_thread_blocked, id=11356, stack(0x000000ad92f00000,0x000000ad93000000) (1024K)]
  0x000002674517c480 JavaThread "Unconstrained build operations"        [_thread_blocked, id=11996, stack(0x000000ad93000000,0x000000ad93100000) (1024K)]
  0x000002674517dec0 JavaThread "Unconstrained build operations Thread 2"        [_thread_blocked, id=11688, stack(0x000000ad93100000,0x000000ad93200000) (1024K)]
  0x000002674517e550 JavaThread "Unconstrained build operations Thread 3"        [_thread_blocked, id=6928, stack(0x000000ad93200000,0x000000ad93300000) (1024K)]
  0x000002674517d830 JavaThread "Memory manager"                    [_thread_blocked, id=10632, stack(0x000000ad93300000,0x000000ad93400000) (1024K)]
  0x000002674517ff90 JavaThread "build event listener"              [_thread_blocked, id=11080, stack(0x000000ad93400000,0x000000ad93500000) (1024K)]
  0x00000267482f4ba0 JavaThread "included builds"                   [_thread_blocked, id=6952, stack(0x000000ad93500000,0x000000ad93600000) (1024K)]
  0x00000267482f3160 JavaThread "Execution worker"                  [_thread_blocked, id=12200, stack(0x000000ad93600000,0x000000ad93700000) (1024K)]
  0x00000267482f8020 JavaThread "Cache worker for execution history cache (C:\flutter\packages\flutter_tools\gradle\.gradle\8.14\executionHistory)"        [_thread_blocked, id=4508, stack(0x000000ad93700000,0x000000ad93800000) (1024K)]
  0x00000267482f5230 JavaThread "Unconstrained build operations Thread 4"        [_thread_blocked, id=9080, stack(0x000000ad93800000,0x000000ad93900000) (1024K)]
  0x00000267482f37f0 JavaThread "Unconstrained build operations Thread 5"        [_thread_blocked, id=10720, stack(0x000000ad93900000,0x000000ad93a00000) (1024K)]
  0x00000267482f7300 JavaThread "Unconstrained build operations Thread 6"        [_thread_blocked, id=7360, stack(0x000000ad93a00000,0x000000ad93b00000) (1024K)]
  0x00000267482f6c70 JavaThread "Unconstrained build operations Thread 7"        [_thread_blocked, id=11116, stack(0x000000ad93b00000,0x000000ad93c00000) (1024K)]
  0x00000267482f86b0 JavaThread "WorkerExecutor Queue"              [_thread_blocked, id=2044, stack(0x000000ad93c00000,0x000000ad93d00000) (1024K)]
  0x00000267482f9a60 JavaThread "RMI Scheduler(0)"           daemon [_thread_blocked, id=8876, stack(0x000000ad93d00000,0x000000ad93e00000) (1024K)]
  0x00000267482f2ad0 JavaThread "RMI GC Daemon"              daemon [_thread_blocked, id=5452, stack(0x000000ad93f00000,0x000000ad94000000) (1024K)]
  0x00000267482fa0f0 JavaThread "RMI TCP Accept-0"           daemon [_thread_in_native, id=9288, stack(0x000000ad94200000,0x000000ad94300000) (1024K)]
  0x0000026746e38660 JavaThread "RMI Reaper"                        [_thread_blocked, id=7396, stack(0x000000ad94300000,0x000000ad94400000) (1024K)]
  0x0000026746e37fd0 JavaThread "RMI TCP Connection(2)-127.0.0.1" daemon [_thread_in_native, id=11132, stack(0x000000ad94400000,0x000000ad94500000) (1024K)]
  0x0000026746e33110 JavaThread "Unconstrained build operations Thread 8"        [_thread_blocked, id=5196, stack(0x000000ad91600000,0x000000ad91700000) (1024K)]
  0x0000026746e372b0 JavaThread "Unconstrained build operations Thread 9"        [_thread_blocked, id=1620, stack(0x000000ad93e00000,0x000000ad93f00000) (1024K)]
  0x0000026746e36c20 JavaThread "Unconstrained build operations Thread 10"        [_thread_blocked, id=11212, stack(0x000000ad94000000,0x000000ad94100000) (1024K)]
  0x0000026746e36590 JavaThread "build event listener"              [_thread_blocked, id=2812, stack(0x000000ad94700000,0x000000ad94800000) (1024K)]
=>0x0000026750322610 JavaThread "C2 CompilerThread1"         daemon [_thread_in_native, id=4036, stack(0x000000ad94100000,0x000000ad94200000) (1024K)]
Total: 58

Other Threads:
  0x0000026725537050 VMThread "VM Thread"                           [id=780, stack(0x000000ad90900000,0x000000ad90a00000) (1024K)]
  0x0000026725525700 WatcherThread "VM Periodic Task Thread"        [id=11876, stack(0x000000ad90800000,0x000000ad90900000) (1024K)]
  0x000002670e6a0ee0 WorkerThread "GC Thread#0"                     [id=12216, stack(0x000000ad90300000,0x000000ad90400000) (1024K)]
  0x00000267258f1570 WorkerThread "GC Thread#1"                     [id=3564, stack(0x000000ad91400000,0x000000ad91500000) (1024K)]
  0x00000267258f1920 WorkerThread "GC Thread#2"                     [id=7484, stack(0x000000ad91500000,0x000000ad91600000) (1024K)]
  0x0000026745908390 WorkerThread "GC Thread#3"                     [id=10732, stack(0x000000ad91700000,0x000000ad91800000) (1024K)]
  0x000002670e6b1f90 ConcurrentGCThread "G1 Main Marker"            [id=3024, stack(0x000000ad90400000,0x000000ad90500000) (1024K)]
  0x000002670e6b29b0 WorkerThread "G1 Conc#0"                       [id=3180, stack(0x000000ad90500000,0x000000ad90600000) (1024K)]
  0x00000267253e7e60 ConcurrentGCThread "G1 Refine#0"               [id=11376, stack(0x000000ad90600000,0x000000ad90700000) (1024K)]
  0x00000267253e9900 ConcurrentGCThread "G1 Service"                [id=9868, stack(0x000000ad90700000,0x000000ad90800000) (1024K)]
Total: 10

Threads with active compile tasks:
C2 CompilerThread1  60088 14748       4       org.jetbrains.kotlin.load.java.structure.impl.classFiles.BinaryClassSignatureParser::parseParameterizedClassRefSignature (257 bytes)
Total: 1

VM state: not at safepoint (normal execution)

VM Mutex/Monitor currently owned by a thread: None

Heap address: 0x0000000080000000, size: 2048 MB, Compressed Oops mode: 32-bit

CDS archive(s) mapped at: [0x0000026726000000-0x0000026726ba0000-0x0000026726ba0000), size 12189696, SharedBaseAddress: 0x0000026726000000, ArchiveRelocationMode: 1.
Compressed class space mapped at: 0x0000026727000000-0x0000026741000000, reserved size: 436207616
Narrow klass base: 0x0000026726000000, Narrow klass shift: 0, Narrow klass range: 0x100000000

GC Precious Log:
 CardTable entry size: 512
 Card Set container configuration: InlinePtr #cards 5 size 8 Array Of Cards #cards 12 size 40 Howl #buckets 4 coarsen threshold 1843 Howl Bitmap #cards 512 size 80 coarsen threshold 460 Card regions per heap region 1 cards per card region 2048
 CPUs: 4 total, 4 available
 Memory: 8079M
 Large Page Support: Disabled
 NUMA Support: Disabled
 Compressed Oops: Enabled (32-bit)
 Heap Region Size: 1M
 Heap Min Capacity: 8M
 Heap Initial Capacity: 128M
 Heap Max Capacity: 2G
 Pre-touch: Disabled
 Parallel Workers: 4
 Concurrent Workers: 1
 Concurrent Refinement Workers: 4
 Periodic GC: Disabled

Heap:
 garbage-first heap   total 283648K, used 210197K [0x0000000080000000, 0x0000000100000000)
  region size 1024K, 48 young (49152K), 6 survivors (6144K)
 Metaspace       used 133706K, committed 136576K, reserved 557056K
  class space    used 18538K, committed 19968K, reserved 425984K

Heap Regions: E=young(eden), S=young(survivor), O=old, HS=humongous(starts), HC=humongous(continues), CS=collection set, F=free, TAMS=top-at-mark-start, PB=parsable bottom
|   0|0x0000000080000000, 0x0000000080100000, 0x0000000080100000|100%|HS|  |TAMS 0x0000000080000000| PB 0x0000000080000000| Complete 
|   1|0x0000000080100000, 0x0000000080200000, 0x0000000080200000|100%|HC|  |TAMS 0x0000000080100000| PB 0x0000000080100000| Complete 
|   2|0x0000000080200000, 0x0000000080300000, 0x0000000080300000|100%|HC|  |TAMS 0x0000000080200000| PB 0x0000000080200000| Complete 
|   3|0x0000000080300000, 0x0000000080400000, 0x0000000080400000|100%| O|  |TAMS 0x0000000080300000| PB 0x0000000080300000| Untracked 
|   4|0x0000000080400000, 0x0000000080500000, 0x0000000080500000|100%| O|  |TAMS 0x0000000080400000| PB 0x0000000080400000| Untracked 
|   5|0x0000000080500000, 0x0000000080600000, 0x0000000080600000|100%| O|  |TAMS 0x0000000080500000| PB 0x0000000080500000| Untracked 
|   6|0x0000000080600000, 0x0000000080700000, 0x0000000080700000|100%|HS|  |TAMS 0x0000000080600000| PB 0x0000000080600000| Complete 
|   7|0x0000000080700000, 0x0000000080800000, 0x0000000080800000|100%| O|  |TAMS 0x0000000080700000| PB 0x0000000080700000| Untracked 
|   8|0x0000000080800000, 0x0000000080900000, 0x0000000080900000|100%| O|  |TAMS 0x0000000080800000| PB 0x0000000080800000| Untracked 
|   9|0x0000000080900000, 0x0000000080a00000, 0x0000000080a00000|100%| O|  |TAMS 0x0000000080900000| PB 0x0000000080900000| Untracked 
|  10|0x0000000080a00000, 0x0000000080b00000, 0x0000000080b00000|100%| O|  |TAMS 0x0000000080a00000| PB 0x0000000080a00000| Untracked 
|  11|0x0000000080b00000, 0x0000000080c00000, 0x0000000080c00000|100%| O|  |TAMS 0x0000000080b00000| PB 0x0000000080b00000| Untracked 
|  12|0x0000000080c00000, 0x0000000080d00000, 0x0000000080d00000|100%| O|  |TAMS 0x0000000080c00000| PB 0x0000000080c00000| Untracked 
|  13|0x0000000080d00000, 0x0000000080e00000, 0x0000000080e00000|100%| O|  |TAMS 0x0000000080d00000| PB 0x0000000080d00000| Untracked 
|  14|0x0000000080e00000, 0x0000000080f00000, 0x0000000080f00000|100%| O|  |TAMS 0x0000000080e00000| PB 0x0000000080e00000| Untracked 
|  15|0x0000000080f00000, 0x0000000081000000, 0x0000000081000000|100%| O|  |TAMS 0x0000000080f00000| PB 0x0000000080f00000| Untracked 
|  16|0x0000000081000000, 0x0000000081100000, 0x0000000081100000|100%| O|  |TAMS 0x0000000081000000| PB 0x0000000081000000| Untracked 
|  17|0x0000000081100000, 0x0000000081200000, 0x0000000081200000|100%| O|  |TAMS 0x0000000081100000| PB 0x0000000081100000| Untracked 
|  18|0x0000000081200000, 0x0000000081300000, 0x0000000081300000|100%| O|  |TAMS 0x0000000081200000| PB 0x0000000081200000| Untracked 
|  19|0x0000000081300000, 0x0000000081400000, 0x0000000081400000|100%| O|  |TAMS 0x0000000081300000| PB 0x0000000081300000| Untracked 
|  20|0x0000000081400000, 0x0000000081500000, 0x0000000081500000|100%| O|  |TAMS 0x0000000081400000| PB 0x0000000081400000| Untracked 
|  21|0x0000000081500000, 0x0000000081600000, 0x0000000081600000|100%| O|  |TAMS 0x0000000081500000| PB 0x0000000081500000| Untracked 
|  22|0x0000000081600000, 0x0000000081700000, 0x0000000081700000|100%| O|  |TAMS 0x0000000081600000| PB 0x0000000081600000| Untracked 
|  23|0x0000000081700000, 0x0000000081800000, 0x0000000081800000|100%| O|  |TAMS 0x0000000081700000| PB 0x0000000081700000| Untracked 
|  24|0x0000000081800000, 0x0000000081900000, 0x0000000081900000|100%| O|  |TAMS 0x0000000081800000| PB 0x0000000081800000| Untracked 
|  25|0x0000000081900000, 0x0000000081a00000, 0x0000000081a00000|100%| O|  |TAMS 0x0000000081900000| PB 0x0000000081900000| Untracked 
|  26|0x0000000081a00000, 0x0000000081b00000, 0x0000000081b00000|100%| O|  |TAMS 0x0000000081a00000| PB 0x0000000081a00000| Untracked 
|  27|0x0000000081b00000, 0x0000000081c00000, 0x0000000081c00000|100%| O|  |TAMS 0x0000000081b00000| PB 0x0000000081b00000| Untracked 
|  28|0x0000000081c00000, 0x0000000081d00000, 0x0000000081d00000|100%| O|  |TAMS 0x0000000081c00000| PB 0x0000000081c00000| Untracked 
|  29|0x0000000081d00000, 0x0000000081e00000, 0x0000000081e00000|100%| O|  |TAMS 0x0000000081d00000| PB 0x0000000081d00000| Untracked 
|  30|0x0000000081e00000, 0x0000000081f00000, 0x0000000081f00000|100%| O|  |TAMS 0x0000000081e00000| PB 0x0000000081e00000| Untracked 
|  31|0x0000000081f00000, 0x0000000082000000, 0x0000000082000000|100%| O|  |TAMS 0x0000000081f00000| PB 0x0000000081f00000| Untracked 
|  32|0x0000000082000000, 0x0000000082100000, 0x0000000082100000|100%| O|  |TAMS 0x0000000082000000| PB 0x0000000082000000| Untracked 
|  33|0x0000000082100000, 0x0000000082200000, 0x0000000082200000|100%| O|  |TAMS 0x0000000082100000| PB 0x0000000082100000| Untracked 
|  34|0x0000000082200000, 0x0000000082300000, 0x0000000082300000|100%| O|  |TAMS 0x0000000082200000| PB 0x0000000082200000| Untracked 
|  35|0x0000000082300000, 0x0000000082400000, 0x0000000082400000|100%| O|  |TAMS 0x0000000082300000| PB 0x0000000082300000| Untracked 
|  36|0x0000000082400000, 0x0000000082500000, 0x0000000082500000|100%| O|  |TAMS 0x0000000082400000| PB 0x0000000082400000| Untracked 
|  37|0x0000000082500000, 0x0000000082600000, 0x0000000082600000|100%| O|  |TAMS 0x0000000082500000| PB 0x0000000082500000| Untracked 
|  38|0x0000000082600000, 0x0000000082700000, 0x0000000082700000|100%| O|  |TAMS 0x0000000082600000| PB 0x0000000082600000| Untracked 
|  39|0x0000000082700000, 0x0000000082800000, 0x0000000082800000|100%| O|  |TAMS 0x0000000082700000| PB 0x0000000082700000| Untracked 
|  40|0x0000000082800000, 0x0000000082900000, 0x0000000082900000|100%| O|  |TAMS 0x0000000082800000| PB 0x0000000082800000| Untracked 
|  41|0x0000000082900000, 0x0000000082a00000, 0x0000000082a00000|100%| O|  |TAMS 0x0000000082900000| PB 0x0000000082900000| Untracked 
|  42|0x0000000082a00000, 0x0000000082b00000, 0x0000000082b00000|100%| O|  |TAMS 0x0000000082a00000| PB 0x0000000082a00000| Untracked 
|  43|0x0000000082b00000, 0x0000000082c00000, 0x0000000082c00000|100%| O|  |TAMS 0x0000000082b00000| PB 0x0000000082b00000| Untracked 
|  44|0x0000000082c00000, 0x0000000082d00000, 0x0000000082d00000|100%| O|Cm|TAMS 0x0000000082c00000| PB 0x0000000082c00000| Complete 
|  45|0x0000000082d00000, 0x0000000082e00000, 0x0000000082e00000|100%| O|  |TAMS 0x0000000082d00000| PB 0x0000000082d00000| Untracked 
|  46|0x0000000082e00000, 0x0000000082f00000, 0x0000000082f00000|100%| O|  |TAMS 0x0000000082e00000| PB 0x0000000082e00000| Untracked 
|  47|0x0000000082f00000, 0x0000000083000000, 0x0000000083000000|100%| O|  |TAMS 0x0000000082f00000| PB 0x0000000082f00000| Untracked 
|  48|0x0000000083000000, 0x0000000083100000, 0x0000000083100000|100%| O|  |TAMS 0x0000000083000000| PB 0x0000000083000000| Untracked 
|  49|0x0000000083100000, 0x0000000083200000, 0x0000000083200000|100%| O|  |TAMS 0x0000000083100000| PB 0x0000000083100000| Untracked 
|  50|0x0000000083200000, 0x0000000083300000, 0x0000000083300000|100%| O|  |TAMS 0x0000000083200000| PB 0x0000000083200000| Untracked 
|  51|0x0000000083300000, 0x0000000083400000, 0x0000000083400000|100%|HS|  |TAMS 0x0000000083300000| PB 0x0000000083300000| Complete 
|  52|0x0000000083400000, 0x0000000083500000, 0x0000000083500000|100%|HC|  |TAMS 0x0000000083400000| PB 0x0000000083400000| Complete 
|  53|0x0000000083500000, 0x0000000083600000, 0x0000000083600000|100%| O|  |TAMS 0x0000000083500000| PB 0x0000000083500000| Untracked 
|  54|0x0000000083600000, 0x0000000083700000, 0x0000000083700000|100%|HS|  |TAMS 0x0000000083600000| PB 0x0000000083600000| Complete 
|  55|0x0000000083700000, 0x0000000083800000, 0x0000000083800000|100%|HC|  |TAMS 0x0000000083700000| PB 0x0000000083700000| Complete 
|  56|0x0000000083800000, 0x0000000083900000, 0x0000000083900000|100%|HS|  |TAMS 0x0000000083800000| PB 0x0000000083800000| Complete 
|  57|0x0000000083900000, 0x0000000083a00000, 0x0000000083a00000|100%|HC|  |TAMS 0x0000000083900000| PB 0x0000000083900000| Complete 
|  58|0x0000000083a00000, 0x0000000083b00000, 0x0000000083b00000|100%|HC|  |TAMS 0x0000000083a00000| PB 0x0000000083a00000| Complete 
|  59|0x0000000083b00000, 0x0000000083c00000, 0x0000000083c00000|100%|HS|  |TAMS 0x0000000083b00000| PB 0x0000000083b00000| Complete 
|  60|0x0000000083c00000, 0x0000000083d00000, 0x0000000083d00000|100%|HC|  |TAMS 0x0000000083c00000| PB 0x0000000083c00000| Complete 
|  61|0x0000000083d00000, 0x0000000083e00000, 0x0000000083e00000|100%|HC|  |TAMS 0x0000000083d00000| PB 0x0000000083d00000| Complete 
|  62|0x0000000083e00000, 0x0000000083f00000, 0x0000000083f00000|100%| O|  |TAMS 0x0000000083e00000| PB 0x0000000083e00000| Untracked 
|  63|0x0000000083f00000, 0x0000000084000000, 0x0000000084000000|100%| O|  |TAMS 0x0000000083f00000| PB 0x0000000083f00000| Untracked 
|  64|0x0000000084000000, 0x0000000084100000, 0x0000000084100000|100%| O|  |TAMS 0x0000000084000000| PB 0x0000000084000000| Untracked 
|  65|0x0000000084100000, 0x0000000084200000, 0x0000000084200000|100%| O|  |TAMS 0x0000000084100000| PB 0x0000000084100000| Untracked 
|  66|0x0000000084200000, 0x0000000084300000, 0x0000000084300000|100%|HS|  |TAMS 0x0000000084200000| PB 0x0000000084200000| Complete 
|  67|0x0000000084300000, 0x0000000084400000, 0x0000000084400000|100%|HS|  |TAMS 0x0000000084300000| PB 0x0000000084300000| Complete 
|  68|0x0000000084400000, 0x0000000084500000, 0x0000000084500000|100%| O|  |TAMS 0x0000000084400000| PB 0x0000000084400000| Untracked 
|  69|0x0000000084500000, 0x0000000084600000, 0x0000000084600000|100%| O|  |TAMS 0x0000000084500000| PB 0x0000000084500000| Untracked 
|  70|0x0000000084600000, 0x0000000084700000, 0x0000000084700000|100%|HS|  |TAMS 0x0000000084600000| PB 0x0000000084600000| Complete 
|  71|0x0000000084700000, 0x0000000084800000, 0x0000000084800000|100%| O|  |TAMS 0x0000000084700000| PB 0x0000000084700000| Untracked 
|  72|0x0000000084800000, 0x0000000084900000, 0x0000000084900000|100%| O|  |TAMS 0x0000000084800000| PB 0x0000000084800000| Untracked 
|  73|0x0000000084900000, 0x0000000084a00000, 0x0000000084a00000|100%| O|  |TAMS 0x0000000084900000| PB 0x0000000084900000| Untracked 
|  74|0x0000000084a00000, 0x0000000084b00000, 0x0000000084b00000|100%| O|  |TAMS 0x0000000084a00000| PB 0x0000000084a00000| Untracked 
|  75|0x0000000084b00000, 0x0000000084c00000, 0x0000000084c00000|100%|HS|  |TAMS 0x0000000084b00000| PB 0x0000000084b00000| Complete 
|  76|0x0000000084c00000, 0x0000000084d00000, 0x0000000084d00000|100%| O|  |TAMS 0x0000000084c00000| PB 0x0000000084c00000| Untracked 
|  77|0x0000000084d00000, 0x0000000084e00000, 0x0000000084e00000|100%| O|  |TAMS 0x0000000084d00000| PB 0x0000000084d00000| Untracked 
|  78|0x0000000084e00000, 0x0000000084f00000, 0x0000000084f00000|100%| O|  |TAMS 0x0000000084e00000| PB 0x0000000084e00000| Untracked 
|  79|0x0000000084f00000, 0x0000000085000000, 0x0000000085000000|100%| O|  |TAMS 0x0000000084f00000| PB 0x0000000084f00000| Untracked 
|  80|0x0000000085000000, 0x0000000085100000, 0x0000000085100000|100%| O|  |TAMS 0x0000000085000000| PB 0x0000000085000000| Untracked 
|  81|0x0000000085100000, 0x0000000085200000, 0x0000000085200000|100%| O|  |TAMS 0x0000000085100000| PB 0x0000000085100000| Untracked 
|  82|0x0000000085200000, 0x0000000085300000, 0x0000000085300000|100%| O|  |TAMS 0x0000000085200000| PB 0x0000000085200000| Untracked 
|  83|0x0000000085300000, 0x0000000085400000, 0x0000000085400000|100%| O|  |TAMS 0x0000000085300000| PB 0x0000000085300000| Untracked 
|  84|0x0000000085400000, 0x0000000085500000, 0x0000000085500000|100%| O|  |TAMS 0x0000000085400000| PB 0x0000000085400000| Untracked 
|  85|0x0000000085500000, 0x0000000085600000, 0x0000000085600000|100%| O|  |TAMS 0x0000000085500000| PB 0x0000000085500000| Untracked 
|  86|0x0000000085600000, 0x0000000085700000, 0x0000000085700000|100%| O|  |TAMS 0x0000000085600000| PB 0x0000000085600000| Untracked 
|  87|0x0000000085700000, 0x0000000085800000, 0x0000000085800000|100%| O|  |TAMS 0x0000000085700000| PB 0x0000000085700000| Untracked 
|  88|0x0000000085800000, 0x0000000085900000, 0x0000000085900000|100%| O|  |TAMS 0x0000000085800000| PB 0x0000000085800000| Untracked 
|  89|0x0000000085900000, 0x0000000085a00000, 0x0000000085a00000|100%| O|  |TAMS 0x0000000085900000| PB 0x0000000085900000| Untracked 
|  90|0x0000000085a00000, 0x0000000085b00000, 0x0000000085b00000|100%| O|  |TAMS 0x0000000085a00000| PB 0x0000000085a00000| Untracked 
|  91|0x0000000085b00000, 0x0000000085c00000, 0x0000000085c00000|100%|HS|  |TAMS 0x0000000085b00000| PB 0x0000000085b00000| Complete 
|  92|0x0000000085c00000, 0x0000000085d00000, 0x0000000085d00000|100%|HC|  |TAMS 0x0000000085c00000| PB 0x0000000085c00000| Complete 
|  93|0x0000000085d00000, 0x0000000085e00000, 0x0000000085e00000|100%| O|  |TAMS 0x0000000085d00000| PB 0x0000000085d00000| Untracked 
|  94|0x0000000085e00000, 0x0000000085f00000, 0x0000000085f00000|100%|HS|  |TAMS 0x0000000085e00000| PB 0x0000000085e00000| Complete 
|  95|0x0000000085f00000, 0x0000000086000000, 0x0000000086000000|100%|HC|  |TAMS 0x0000000085f00000| PB 0x0000000085f00000| Complete 
|  96|0x0000000086000000, 0x0000000086100000, 0x0000000086100000|100%|HS|  |TAMS 0x0000000086000000| PB 0x0000000086000000| Complete 
|  97|0x0000000086100000, 0x0000000086200000, 0x0000000086200000|100%|HS|  |TAMS 0x0000000086100000| PB 0x0000000086100000| Complete 
|  98|0x0000000086200000, 0x0000000086300000, 0x0000000086300000|100%| O|  |TAMS 0x0000000086200000| PB 0x0000000086200000| Untracked 
|  99|0x0000000086300000, 0x0000000086400000, 0x0000000086400000|100%| O|  |TAMS 0x0000000086300000| PB 0x0000000086300000| Untracked 
| 100|0x0000000086400000, 0x0000000086500000, 0x0000000086500000|100%|HS|  |TAMS 0x0000000086400000| PB 0x0000000086400000| Complete 
| 101|0x0000000086500000, 0x0000000086600000, 0x0000000086600000|100%| O|  |TAMS 0x0000000086500000| PB 0x0000000086500000| Untracked 
| 102|0x0000000086600000, 0x0000000086700000, 0x0000000086700000|100%| O|  |TAMS 0x0000000086600000| PB 0x0000000086600000| Untracked 
| 103|0x0000000086700000, 0x0000000086800000, 0x0000000086800000|100%| O|  |TAMS 0x0000000086700000| PB 0x0000000086700000| Untracked 
| 104|0x0000000086800000, 0x0000000086900000, 0x0000000086900000|100%| O|  |TAMS 0x0000000086800000| PB 0x0000000086800000| Untracked 
| 105|0x0000000086900000, 0x0000000086a00000, 0x0000000086a00000|100%| O|  |TAMS 0x0000000086900000| PB 0x0000000086900000| Untracked 
| 106|0x0000000086a00000, 0x0000000086b00000, 0x0000000086b00000|100%| O|  |TAMS 0x0000000086a00000| PB 0x0000000086a00000| Untracked 
| 107|0x0000000086b00000, 0x0000000086c00000, 0x0000000086c00000|100%| O|  |TAMS 0x0000000086b00000| PB 0x0000000086b00000| Untracked 
| 108|0x0000000086c00000, 0x0000000086d00000, 0x0000000086d00000|100%| O|  |TAMS 0x0000000086c00000| PB 0x0000000086c00000| Untracked 
| 109|0x0000000086d00000, 0x0000000086e00000, 0x0000000086e00000|100%| O|Cm|TAMS 0x0000000086d00000| PB 0x0000000086d00000| Complete 
| 110|0x0000000086e00000, 0x0000000086f00000, 0x0000000086f00000|100%| O|  |TAMS 0x0000000086e00000| PB 0x0000000086e00000| Untracked 
| 111|0x0000000086f00000, 0x0000000087000000, 0x0000000087000000|100%| O|  |TAMS 0x0000000086f00000| PB 0x0000000086f00000| Untracked 
| 112|0x0000000087000000, 0x0000000087100000, 0x0000000087100000|100%| O|  |TAMS 0x0000000087000000| PB 0x0000000087000000| Untracked 
| 113|0x0000000087100000, 0x0000000087200000, 0x0000000087200000|100%| O|  |TAMS 0x0000000087100000| PB 0x0000000087100000| Untracked 
| 114|0x0000000087200000, 0x0000000087300000, 0x0000000087300000|100%| O|  |TAMS 0x0000000087200000| PB 0x0000000087200000| Untracked 
| 115|0x0000000087300000, 0x0000000087400000, 0x0000000087400000|100%| O|  |TAMS 0x0000000087300000| PB 0x0000000087300000| Untracked 
| 116|0x0000000087400000, 0x0000000087500000, 0x0000000087500000|100%| O|  |TAMS 0x0000000087400000| PB 0x0000000087400000| Untracked 
| 117|0x0000000087500000, 0x0000000087600000, 0x0000000087600000|100%| O|  |TAMS 0x0000000087500000| PB 0x0000000087500000| Untracked 
| 118|0x0000000087600000, 0x0000000087700000, 0x0000000087700000|100%| O|  |TAMS 0x0000000087600000| PB 0x0000000087600000| Untracked 
| 119|0x0000000087700000, 0x0000000087800000, 0x0000000087800000|100%| O|  |TAMS 0x0000000087700000| PB 0x0000000087700000| Untracked 
| 120|0x0000000087800000, 0x0000000087900000, 0x0000000087900000|100%| O|  |TAMS 0x0000000087800000| PB 0x0000000087800000| Untracked 
| 121|0x0000000087900000, 0x0000000087a00000, 0x0000000087a00000|100%| O|  |TAMS 0x0000000087900000| PB 0x0000000087900000| Untracked 
| 122|0x0000000087a00000, 0x0000000087b00000, 0x0000000087b00000|100%| O|  |TAMS 0x0000000087a00000| PB 0x0000000087a00000| Untracked 
| 123|0x0000000087b00000, 0x0000000087c00000, 0x0000000087c00000|100%| O|  |TAMS 0x0000000087b00000| PB 0x0000000087b00000| Untracked 
| 124|0x0000000087c00000, 0x0000000087d00000, 0x0000000087d00000|100%| O|  |TAMS 0x0000000087c00000| PB 0x0000000087c00000| Untracked 
| 125|0x0000000087d00000, 0x0000000087e00000, 0x0000000087e00000|100%| O|  |TAMS 0x0000000087d00000| PB 0x0000000087d00000| Untracked 
| 126|0x0000000087e00000, 0x0000000087f00000, 0x0000000087f00000|100%| O|  |TAMS 0x0000000087e00000| PB 0x0000000087e00000| Untracked 
| 127|0x0000000087f00000, 0x0000000088000000, 0x0000000088000000|100%| O|  |TAMS 0x0000000087f00000| PB 0x0000000087f00000| Untracked 
| 128|0x0000000088000000, 0x0000000088100000, 0x0000000088100000|100%| O|  |TAMS 0x0000000088000000| PB 0x0000000088000000| Untracked 
| 129|0x0000000088100000, 0x0000000088200000, 0x0000000088200000|100%| O|  |TAMS 0x0000000088100000| PB 0x0000000088100000| Untracked 
| 130|0x0000000088200000, 0x0000000088300000, 0x0000000088300000|100%| O|  |TAMS 0x0000000088200000| PB 0x0000000088200000| Untracked 
| 131|0x0000000088300000, 0x0000000088400000, 0x0000000088400000|100%| O|Cm|TAMS 0x0000000088300000| PB 0x0000000088300000| Complete 
| 132|0x0000000088400000, 0x0000000088500000, 0x0000000088500000|100%|HS|  |TAMS 0x0000000088400000| PB 0x0000000088400000| Complete 
| 133|0x0000000088500000, 0x0000000088600000, 0x0000000088600000|100%| O|  |TAMS 0x0000000088500000| PB 0x0000000088500000| Untracked 
| 134|0x0000000088600000, 0x0000000088700000, 0x0000000088700000|100%| O|  |TAMS 0x0000000088600000| PB 0x0000000088600000| Untracked 
| 135|0x0000000088700000, 0x0000000088800000, 0x0000000088800000|100%| O|  |TAMS 0x0000000088700000| PB 0x0000000088700000| Untracked 
| 136|0x0000000088800000, 0x0000000088900000, 0x0000000088900000|100%| O|  |TAMS 0x0000000088800000| PB 0x0000000088800000| Untracked 
| 137|0x0000000088900000, 0x0000000088a00000, 0x0000000088a00000|100%| O|  |TAMS 0x0000000088900000| PB 0x0000000088900000| Untracked 
| 138|0x0000000088a00000, 0x0000000088b00000, 0x0000000088b00000|100%| O|  |TAMS 0x0000000088a00000| PB 0x0000000088a00000| Untracked 
| 139|0x0000000088b00000, 0x0000000088c00000, 0x0000000088c00000|100%| O|  |TAMS 0x0000000088b00000| PB 0x0000000088b00000| Untracked 
| 140|0x0000000088c00000, 0x0000000088d00000, 0x0000000088d00000|100%| O|  |TAMS 0x0000000088c00000| PB 0x0000000088c00000| Untracked 
| 141|0x0000000088d00000, 0x0000000088e00000, 0x0000000088e00000|100%| O|Cm|TAMS 0x0000000088d00000| PB 0x0000000088d00000| Complete 
| 142|0x0000000088e00000, 0x0000000088f00000, 0x0000000088f00000|100%|HS|  |TAMS 0x0000000088e00000| PB 0x0000000088e00000| Complete 
| 143|0x0000000088f00000, 0x0000000089000000, 0x0000000089000000|100%|HC|  |TAMS 0x0000000088f00000| PB 0x0000000088f00000| Complete 
| 144|0x0000000089000000, 0x0000000089100000, 0x0000000089100000|100%|HC|  |TAMS 0x0000000089000000| PB 0x0000000089000000| Complete 
| 145|0x0000000089100000, 0x0000000089200000, 0x0000000089200000|100%|HC|  |TAMS 0x0000000089100000| PB 0x0000000089100000| Complete 
| 146|0x0000000089200000, 0x0000000089300000, 0x0000000089300000|100%|HC|  |TAMS 0x0000000089200000| PB 0x0000000089200000| Complete 
| 147|0x0000000089300000, 0x0000000089400000, 0x0000000089400000|100%|HC|  |TAMS 0x0000000089300000| PB 0x0000000089300000| Complete 
| 148|0x0000000089400000, 0x0000000089500000, 0x0000000089500000|100%| O|  |TAMS 0x0000000089400000| PB 0x0000000089400000| Untracked 
| 149|0x0000000089500000, 0x0000000089600000, 0x0000000089600000|100%| O|  |TAMS 0x0000000089500000| PB 0x0000000089500000| Untracked 
| 150|0x0000000089600000, 0x0000000089700000, 0x0000000089700000|100%| O|  |TAMS 0x0000000089600000| PB 0x0000000089600000| Untracked 
| 151|0x0000000089700000, 0x0000000089800000, 0x0000000089800000|100%| O|  |TAMS 0x0000000089700000| PB 0x0000000089700000| Untracked 
| 152|0x0000000089800000, 0x00000000898e8610, 0x0000000089900000| 90%| O|  |TAMS 0x0000000089800000| PB 0x0000000089800000| Untracked 
| 153|0x0000000089900000, 0x0000000089a00000, 0x0000000089a00000|100%|HS|  |TAMS 0x0000000089900000| PB 0x0000000089900000| Complete 
| 154|0x0000000089a00000, 0x0000000089a00000, 0x0000000089b00000|  0%| F|  |TAMS 0x0000000089a00000| PB 0x0000000089a00000| Untracked 
| 155|0x0000000089b00000, 0x0000000089b00000, 0x0000000089c00000|  0%| F|  |TAMS 0x0000000089b00000| PB 0x0000000089b00000| Untracked 
| 156|0x0000000089c00000, 0x0000000089c00000, 0x0000000089d00000|  0%| F|  |TAMS 0x0000000089c00000| PB 0x0000000089c00000| Untracked 
| 157|0x0000000089d00000, 0x0000000089d00000, 0x0000000089e00000|  0%| F|  |TAMS 0x0000000089d00000| PB 0x0000000089d00000| Untracked 
| 158|0x0000000089e00000, 0x0000000089e00000, 0x0000000089f00000|  0%| F|  |TAMS 0x0000000089e00000| PB 0x0000000089e00000| Untracked 
| 159|0x0000000089f00000, 0x0000000089f00000, 0x000000008a000000|  0%| F|  |TAMS 0x0000000089f00000| PB 0x0000000089f00000| Untracked 
| 160|0x000000008a000000, 0x000000008a000000, 0x000000008a100000|  0%| F|  |TAMS 0x000000008a000000| PB 0x000000008a000000| Untracked 
| 161|0x000000008a100000, 0x000000008a100000, 0x000000008a200000|  0%| F|  |TAMS 0x000000008a100000| PB 0x000000008a100000| Untracked 
| 162|0x000000008a200000, 0x000000008a200000, 0x000000008a300000|  0%| F|  |TAMS 0x000000008a200000| PB 0x000000008a200000| Untracked 
| 163|0x000000008a300000, 0x000000008a300000, 0x000000008a400000|  0%| F|  |TAMS 0x000000008a300000| PB 0x000000008a300000| Untracked 
| 164|0x000000008a400000, 0x000000008a400000, 0x000000008a500000|  0%| F|  |TAMS 0x000000008a400000| PB 0x000000008a400000| Untracked 
| 165|0x000000008a500000, 0x000000008a500000, 0x000000008a600000|  0%| F|  |TAMS 0x000000008a500000| PB 0x000000008a500000| Untracked 
| 166|0x000000008a600000, 0x000000008a600000, 0x000000008a700000|  0%| F|  |TAMS 0x000000008a600000| PB 0x000000008a600000| Untracked 
| 167|0x000000008a700000, 0x000000008a700000, 0x000000008a800000|  0%| F|  |TAMS 0x000000008a700000| PB 0x000000008a700000| Untracked 
| 168|0x000000008a800000, 0x000000008a800000, 0x000000008a900000|  0%| F|  |TAMS 0x000000008a800000| PB 0x000000008a800000| Untracked 
| 169|0x000000008a900000, 0x000000008a900000, 0x000000008aa00000|  0%| F|  |TAMS 0x000000008a900000| PB 0x000000008a900000| Untracked 
| 170|0x000000008aa00000, 0x000000008aa00000, 0x000000008ab00000|  0%| F|  |TAMS 0x000000008aa00000| PB 0x000000008aa00000| Untracked 
| 171|0x000000008ab00000, 0x000000008ab00000, 0x000000008ac00000|  0%| F|  |TAMS 0x000000008ab00000| PB 0x000000008ab00000| Untracked 
| 172|0x000000008ac00000, 0x000000008ac00000, 0x000000008ad00000|  0%| F|  |TAMS 0x000000008ac00000| PB 0x000000008ac00000| Untracked 
| 173|0x000000008ad00000, 0x000000008ad00000, 0x000000008ae00000|  0%| F|  |TAMS 0x000000008ad00000| PB 0x000000008ad00000| Untracked 
| 174|0x000000008ae00000, 0x000000008ae00000, 0x000000008af00000|  0%| F|  |TAMS 0x000000008ae00000| PB 0x000000008ae00000| Untracked 
| 175|0x000000008af00000, 0x000000008af00000, 0x000000008b000000|  0%| F|  |TAMS 0x000000008af00000| PB 0x000000008af00000| Untracked 
| 176|0x000000008b000000, 0x000000008b000000, 0x000000008b100000|  0%| F|  |TAMS 0x000000008b000000| PB 0x000000008b000000| Untracked 
| 177|0x000000008b100000, 0x000000008b100000, 0x000000008b200000|  0%| F|  |TAMS 0x000000008b100000| PB 0x000000008b100000| Untracked 
| 178|0x000000008b200000, 0x000000008b200000, 0x000000008b300000|  0%| F|  |TAMS 0x000000008b200000| PB 0x000000008b200000| Untracked 
| 179|0x000000008b300000, 0x000000008b300000, 0x000000008b400000|  0%| F|  |TAMS 0x000000008b300000| PB 0x000000008b300000| Untracked 
| 180|0x000000008b400000, 0x000000008b400000, 0x000000008b500000|  0%| F|  |TAMS 0x000000008b400000| PB 0x000000008b400000| Untracked 
| 181|0x000000008b500000, 0x000000008b500000, 0x000000008b600000|  0%| F|  |TAMS 0x000000008b500000| PB 0x000000008b500000| Untracked 
| 182|0x000000008b600000, 0x000000008b600000, 0x000000008b700000|  0%| F|  |TAMS 0x000000008b600000| PB 0x000000008b600000| Untracked 
| 183|0x000000008b700000, 0x000000008b700000, 0x000000008b800000|  0%| F|  |TAMS 0x000000008b700000| PB 0x000000008b700000| Untracked 
| 184|0x000000008b800000, 0x000000008b800000, 0x000000008b900000|  0%| F|  |TAMS 0x000000008b800000| PB 0x000000008b800000| Untracked 
| 185|0x000000008b900000, 0x000000008b900000, 0x000000008ba00000|  0%| F|  |TAMS 0x000000008b900000| PB 0x000000008b900000| Untracked 
| 186|0x000000008ba00000, 0x000000008ba00000, 0x000000008bb00000|  0%| F|  |TAMS 0x000000008ba00000| PB 0x000000008ba00000| Untracked 
| 187|0x000000008bb00000, 0x000000008bb00000, 0x000000008bc00000|  0%| F|  |TAMS 0x000000008bb00000| PB 0x000000008bb00000| Untracked 
| 188|0x000000008bc00000, 0x000000008bc00000, 0x000000008bd00000|  0%| F|  |TAMS 0x000000008bc00000| PB 0x000000008bc00000| Untracked 
| 189|0x000000008bd00000, 0x000000008bd00000, 0x000000008be00000|  0%| F|  |TAMS 0x000000008bd00000| PB 0x000000008bd00000| Untracked 
| 190|0x000000008be00000, 0x000000008be00000, 0x000000008bf00000|  0%| F|  |TAMS 0x000000008be00000| PB 0x000000008be00000| Untracked 
| 191|0x000000008bf00000, 0x000000008bf00000, 0x000000008c000000|  0%| F|  |TAMS 0x000000008bf00000| PB 0x000000008bf00000| Untracked 
| 192|0x000000008c000000, 0x000000008c000000, 0x000000008c100000|  0%| F|  |TAMS 0x000000008c000000| PB 0x000000008c000000| Untracked 
| 193|0x000000008c100000, 0x000000008c100000, 0x000000008c200000|  0%| F|  |TAMS 0x000000008c100000| PB 0x000000008c100000| Untracked 
| 194|0x000000008c200000, 0x000000008c200000, 0x000000008c300000|  0%| F|  |TAMS 0x000000008c200000| PB 0x000000008c200000| Untracked 
| 195|0x000000008c300000, 0x000000008c300000, 0x000000008c400000|  0%| F|  |TAMS 0x000000008c300000| PB 0x000000008c300000| Untracked 
| 196|0x000000008c400000, 0x000000008c400000, 0x000000008c500000|  0%| F|  |TAMS 0x000000008c400000| PB 0x000000008c400000| Untracked 
| 197|0x000000008c500000, 0x000000008c500000, 0x000000008c600000|  0%| F|  |TAMS 0x000000008c500000| PB 0x000000008c500000| Untracked 
| 198|0x000000008c600000, 0x000000008c600000, 0x000000008c700000|  0%| F|  |TAMS 0x000000008c600000| PB 0x000000008c600000| Untracked 
| 199|0x000000008c700000, 0x000000008c700000, 0x000000008c800000|  0%| F|  |TAMS 0x000000008c700000| PB 0x000000008c700000| Untracked 
| 200|0x000000008c800000, 0x000000008c800000, 0x000000008c900000|  0%| F|  |TAMS 0x000000008c800000| PB 0x000000008c800000| Untracked 
| 201|0x000000008c900000, 0x000000008c900000, 0x000000008ca00000|  0%| F|  |TAMS 0x000000008c900000| PB 0x000000008c900000| Untracked 
| 202|0x000000008ca00000, 0x000000008ca00000, 0x000000008cb00000|  0%| F|  |TAMS 0x000000008ca00000| PB 0x000000008ca00000| Untracked 
| 203|0x000000008cb00000, 0x000000008cb00000, 0x000000008cc00000|  0%| F|  |TAMS 0x000000008cb00000| PB 0x000000008cb00000| Untracked 
| 204|0x000000008cc00000, 0x000000008cc00000, 0x000000008cd00000|  0%| F|  |TAMS 0x000000008cc00000| PB 0x000000008cc00000| Untracked 
| 205|0x000000008cd00000, 0x000000008cd00000, 0x000000008ce00000|  0%| F|  |TAMS 0x000000008cd00000| PB 0x000000008cd00000| Untracked 
| 206|0x000000008ce00000, 0x000000008ce00000, 0x000000008cf00000|  0%| F|  |TAMS 0x000000008ce00000| PB 0x000000008ce00000| Untracked 
| 207|0x000000008cf00000, 0x000000008cf00000, 0x000000008d000000|  0%| F|  |TAMS 0x000000008cf00000| PB 0x000000008cf00000| Untracked 
| 208|0x000000008d000000, 0x000000008d000000, 0x000000008d100000|  0%| F|  |TAMS 0x000000008d000000| PB 0x000000008d000000| Untracked 
| 209|0x000000008d100000, 0x000000008d100000, 0x000000008d200000|  0%| F|  |TAMS 0x000000008d100000| PB 0x000000008d100000| Untracked 
| 210|0x000000008d200000, 0x000000008d200000, 0x000000008d300000|  0%| F|  |TAMS 0x000000008d200000| PB 0x000000008d200000| Untracked 
| 211|0x000000008d300000, 0x000000008d300000, 0x000000008d400000|  0%| F|  |TAMS 0x000000008d300000| PB 0x000000008d300000| Untracked 
| 212|0x000000008d400000, 0x000000008d400000, 0x000000008d500000|  0%| F|  |TAMS 0x000000008d400000| PB 0x000000008d400000| Untracked 
| 213|0x000000008d500000, 0x000000008d500000, 0x000000008d600000|  0%| F|  |TAMS 0x000000008d500000| PB 0x000000008d500000| Untracked 
| 214|0x000000008d600000, 0x000000008d600000, 0x000000008d700000|  0%| F|  |TAMS 0x000000008d600000| PB 0x000000008d600000| Untracked 
| 215|0x000000008d700000, 0x000000008d700000, 0x000000008d800000|  0%| F|  |TAMS 0x000000008d700000| PB 0x000000008d700000| Untracked 
| 216|0x000000008d800000, 0x000000008d800000, 0x000000008d900000|  0%| F|  |TAMS 0x000000008d800000| PB 0x000000008d800000| Untracked 
| 217|0x000000008d900000, 0x000000008d900000, 0x000000008da00000|  0%| F|  |TAMS 0x000000008d900000| PB 0x000000008d900000| Untracked 
| 218|0x000000008da00000, 0x000000008da00000, 0x000000008db00000|  0%| F|  |TAMS 0x000000008da00000| PB 0x000000008da00000| Untracked 
| 219|0x000000008db00000, 0x000000008db00000, 0x000000008dc00000|  0%| F|  |TAMS 0x000000008db00000| PB 0x000000008db00000| Untracked 
| 220|0x000000008dc00000, 0x000000008dc00000, 0x000000008dd00000|  0%| F|  |TAMS 0x000000008dc00000| PB 0x000000008dc00000| Untracked 
| 221|0x000000008dd00000, 0x000000008dd00000, 0x000000008de00000|  0%| F|  |TAMS 0x000000008dd00000| PB 0x000000008dd00000| Untracked 
| 222|0x000000008de00000, 0x000000008de00000, 0x000000008df00000|  0%| F|  |TAMS 0x000000008de00000| PB 0x000000008de00000| Untracked 
| 223|0x000000008df00000, 0x000000008e000000, 0x000000008e000000|100%| E|  |TAMS 0x000000008df00000| PB 0x000000008df00000| Complete 
| 224|0x000000008e000000, 0x000000008e100000, 0x000000008e100000|100%| E|CS|TAMS 0x000000008e000000| PB 0x000000008e000000| Complete 
| 225|0x000000008e100000, 0x000000008e200000, 0x000000008e200000|100%| E|CS|TAMS 0x000000008e100000| PB 0x000000008e100000| Complete 
| 226|0x000000008e200000, 0x000000008e300000, 0x000000008e300000|100%| E|CS|TAMS 0x000000008e200000| PB 0x000000008e200000| Complete 
| 227|0x000000008e300000, 0x000000008e400000, 0x000000008e400000|100%| E|CS|TAMS 0x000000008e300000| PB 0x000000008e300000| Complete 
| 228|0x000000008e400000, 0x000000008e500000, 0x000000008e500000|100%| E|CS|TAMS 0x000000008e400000| PB 0x000000008e400000| Complete 
| 229|0x000000008e500000, 0x000000008e600000, 0x000000008e600000|100%| E|CS|TAMS 0x000000008e500000| PB 0x000000008e500000| Complete 
| 230|0x000000008e600000, 0x000000008e700000, 0x000000008e700000|100%| E|CS|TAMS 0x000000008e600000| PB 0x000000008e600000| Complete 
| 231|0x000000008e700000, 0x000000008e800000, 0x000000008e800000|100%| E|CS|TAMS 0x000000008e700000| PB 0x000000008e700000| Complete 
| 232|0x000000008e800000, 0x000000008e900000, 0x000000008e900000|100%| E|CS|TAMS 0x000000008e800000| PB 0x000000008e800000| Complete 
| 233|0x000000008e900000, 0x000000008ea00000, 0x000000008ea00000|100%| E|CS|TAMS 0x000000008e900000| PB 0x000000008e900000| Complete 
| 234|0x000000008ea00000, 0x000000008eb00000, 0x000000008eb00000|100%| E|CS|TAMS 0x000000008ea00000| PB 0x000000008ea00000| Complete 
| 235|0x000000008eb00000, 0x000000008ec00000, 0x000000008ec00000|100%| E|CS|TAMS 0x000000008eb00000| PB 0x000000008eb00000| Complete 
| 236|0x000000008ec00000, 0x000000008ed00000, 0x000000008ed00000|100%| E|CS|TAMS 0x000000008ec00000| PB 0x000000008ec00000| Complete 
| 237|0x000000008ed00000, 0x000000008ee00000, 0x000000008ee00000|100%| E|CS|TAMS 0x000000008ed00000| PB 0x000000008ed00000| Complete 
| 238|0x000000008ee00000, 0x000000008ef00000, 0x000000008ef00000|100%| E|CS|TAMS 0x000000008ee00000| PB 0x000000008ee00000| Complete 
| 239|0x000000008ef00000, 0x000000008f000000, 0x000000008f000000|100%| E|CS|TAMS 0x000000008ef00000| PB 0x000000008ef00000| Complete 
| 240|0x000000008f000000, 0x000000008f100000, 0x000000008f100000|100%| E|CS|TAMS 0x000000008f000000| PB 0x000000008f000000| Complete 
| 241|0x000000008f100000, 0x000000008f200000, 0x000000008f200000|100%| E|CS|TAMS 0x000000008f100000| PB 0x000000008f100000| Complete 
| 242|0x000000008f200000, 0x000000008f300000, 0x000000008f300000|100%| E|CS|TAMS 0x000000008f200000| PB 0x000000008f200000| Complete 
| 243|0x000000008f300000, 0x000000008f400000, 0x000000008f400000|100%| E|CS|TAMS 0x000000008f300000| PB 0x000000008f300000| Complete 
| 244|0x000000008f400000, 0x000000008f500000, 0x000000008f500000|100%| E|CS|TAMS 0x000000008f400000| PB 0x000000008f400000| Complete 
| 245|0x000000008f500000, 0x000000008f55d188, 0x000000008f600000| 36%| S|CS|TAMS 0x000000008f500000| PB 0x000000008f500000| Complete 
| 246|0x000000008f600000, 0x000000008f700000, 0x000000008f700000|100%| S|CS|TAMS 0x000000008f600000| PB 0x000000008f600000| Complete 
| 247|0x000000008f700000, 0x000000008f800000, 0x000000008f800000|100%| S|CS|TAMS 0x000000008f700000| PB 0x000000008f700000| Complete 
| 248|0x000000008f800000, 0x000000008f900000, 0x000000008f900000|100%| S|CS|TAMS 0x000000008f800000| PB 0x000000008f800000| Complete 
| 249|0x000000008f900000, 0x000000008fa00000, 0x000000008fa00000|100%| S|CS|TAMS 0x000000008f900000| PB 0x000000008f900000| Complete 
| 250|0x000000008fa00000, 0x000000008fb00000, 0x000000008fb00000|100%| E|CS|TAMS 0x000000008fa00000| PB 0x000000008fa00000| Complete 
| 251|0x000000008fb00000, 0x000000008fc00000, 0x000000008fc00000|100%| E|CS|TAMS 0x000000008fb00000| PB 0x000000008fb00000| Complete 
| 252|0x000000008fc00000, 0x000000008fd00000, 0x000000008fd00000|100%| E|CS|TAMS 0x000000008fc00000| PB 0x000000008fc00000| Complete 
| 253|0x000000008fd00000, 0x000000008fe00000, 0x000000008fe00000|100%| E|CS|TAMS 0x000000008fd00000| PB 0x000000008fd00000| Complete 
| 254|0x000000008fe00000, 0x000000008ff00000, 0x000000008ff00000|100%| E|CS|TAMS 0x000000008fe00000| PB 0x000000008fe00000| Complete 
| 255|0x000000008ff00000, 0x0000000090000000, 0x0000000090000000|100%| E|CS|TAMS 0x000000008ff00000| PB 0x000000008ff00000| Complete 
| 256|0x0000000090000000, 0x0000000090100000, 0x0000000090100000|100%| E|CS|TAMS 0x0000000090000000| PB 0x0000000090000000| Complete 
| 257|0x0000000090100000, 0x0000000090200000, 0x0000000090200000|100%| E|CS|TAMS 0x0000000090100000| PB 0x0000000090100000| Complete 
| 258|0x0000000090200000, 0x0000000090300000, 0x0000000090300000|100%| E|CS|TAMS 0x0000000090200000| PB 0x0000000090200000| Complete 
| 259|0x0000000090300000, 0x0000000090400000, 0x0000000090400000|100%| E|CS|TAMS 0x0000000090300000| PB 0x0000000090300000| Complete 
| 260|0x0000000090400000, 0x0000000090500000, 0x0000000090500000|100%| E|CS|TAMS 0x0000000090400000| PB 0x0000000090400000| Complete 
| 261|0x0000000090500000, 0x0000000090600000, 0x0000000090600000|100%| E|CS|TAMS 0x0000000090500000| PB 0x0000000090500000| Complete 
|2033|0x00000000ff100000, 0x00000000ff200000, 0x00000000ff200000|100%| S|CS|TAMS 0x00000000ff100000| PB 0x00000000ff100000| Complete 
|2034|0x00000000ff200000, 0x00000000ff300000, 0x00000000ff300000|100%| O|  |TAMS 0x00000000ff200000| PB 0x00000000ff200000| Untracked 
|2035|0x00000000ff300000, 0x00000000ff400000, 0x00000000ff400000|100%| E|CS|TAMS 0x00000000ff300000| PB 0x00000000ff300000| Complete 
|2036|0x00000000ff400000, 0x00000000ff500000, 0x00000000ff500000|100%| E|CS|TAMS 0x00000000ff400000| PB 0x00000000ff400000| Complete 
|2037|0x00000000ff500000, 0x00000000ff600000, 0x00000000ff600000|100%| E|CS|TAMS 0x00000000ff500000| PB 0x00000000ff500000| Complete 
|2038|0x00000000ff600000, 0x00000000ff700000, 0x00000000ff700000|100%| E|CS|TAMS 0x00000000ff600000| PB 0x00000000ff600000| Complete 
|2039|0x00000000ff700000, 0x00000000ff800000, 0x00000000ff800000|100%| O|Cm|TAMS 0x00000000ff700000| PB 0x00000000ff700000| Complete 
|2040|0x00000000ff800000, 0x00000000ff900000, 0x00000000ff900000|100%| O|  |TAMS 0x00000000ff800000| PB 0x00000000ff800000| Untracked 
|2041|0x00000000ff900000, 0x00000000ffa00000, 0x00000000ffa00000|100%| O|  |TAMS 0x00000000ff900000| PB 0x00000000ff900000| Untracked 
|2042|0x00000000ffa00000, 0x00000000ffb00000, 0x00000000ffb00000|100%| O|  |TAMS 0x00000000ffa00000| PB 0x00000000ffa00000| Untracked 
|2043|0x00000000ffb00000, 0x00000000ffc00000, 0x00000000ffc00000|100%| E|CS|TAMS 0x00000000ffb00000| PB 0x00000000ffb00000| Complete 
|2044|0x00000000ffc00000, 0x00000000ffd00000, 0x00000000ffd00000|100%| E|CS|TAMS 0x00000000ffc00000| PB 0x00000000ffc00000| Complete 
|2045|0x00000000ffd00000, 0x00000000ffe00000, 0x00000000ffe00000|100%| E|CS|TAMS 0x00000000ffd00000| PB 0x00000000ffd00000| Complete 
|2046|0x00000000ffe00000, 0x00000000fff00000, 0x00000000fff00000|100%| E|CS|TAMS 0x00000000ffe00000| PB 0x00000000ffe00000| Complete 
|2047|0x00000000fff00000, 0x0000000100000000, 0x0000000100000000|100%| O|  |TAMS 0x00000000fff00000| PB 0x00000000fff00000| Untracked 

Card table byte_map: [0x0000026720c50000,0x0000026721050000] _byte_map_base: 0x0000026720850000

Marking Bits: (CMBitMap*) 0x000002670e6a1500
 Bits: [0x0000026721050000, 0x0000026723050000)

Polling page: 0x000002670c290000

Metaspace:

Usage:
  Non-class:    112.54 MB used.
      Class:     18.11 MB used.
       Both:    130.65 MB used.

Virtual space:
  Non-class space:      128.00 MB reserved,     113.94 MB ( 89%) committed,  2 nodes.
      Class space:      416.00 MB reserved,      19.50 MB (  5%) committed,  1 nodes.
             Both:      544.00 MB reserved,     133.44 MB ( 25%) committed. 

Chunk freelists:
   Non-Class:  13.47 MB
       Class:  12.41 MB
        Both:  25.88 MB

MaxMetaspaceSize: 512.00 MB
CompressedClassSpaceSize: 416.00 MB
Initial GC threshold: 21.00 MB
Current GC threshold: 219.94 MB
CDS: on
 - commit_granule_bytes: 65536.
 - commit_granule_words: 8192.
 - virtual_space_node_default_size: 8388608.
 - enlarge_chunks_in_place: 1.
 - use_allocation_guard: 0.


Internal statistics:

num_allocs_failed_limit: 6.
num_arena_births: 5194.
num_arena_deaths: 0.
num_vsnodes_births: 3.
num_vsnodes_deaths: 0.
num_space_committed: 2133.
num_space_uncommitted: 0.
num_chunks_returned_to_freelist: 6.
num_chunks_taken_from_freelist: 11320.
num_chunk_merges: 6.
num_chunk_splits: 7595.
num_chunks_enlarged: 4889.
num_inconsistent_stats: 0.

CodeHeap 'non-profiled nmethods': size=120000Kb used=6562Kb max_used=6699Kb free=113437Kb
 bounds [0x0000026719320000, 0x00000267199b0000, 0x0000026720850000]
CodeHeap 'profiled nmethods': size=120000Kb used=21356Kb max_used=21547Kb free=98643Kb
 bounds [0x0000026711850000, 0x0000026712d60000, 0x0000026718d80000]
CodeHeap 'non-nmethods': size=5760Kb used=2827Kb max_used=2875Kb free=2932Kb
 bounds [0x0000026718d80000, 0x0000026719060000, 0x0000026719320000]
CodeCache: size=245760Kb, used=30745Kb, max_used=31121Kb, free=215012Kb
 total_blobs=11984, nmethods=10905, adapters=983, full_count=0
Compilation: enabled, stopped_count=0, restarted_count=0

Compilation events (20 events):
Event: 60.024 Thread 0x000002672556dd50 nmethod 14819 0x0000026719843410 code [0x00000267198435a0, 0x0000026719843668]
Event: 60.024 Thread 0x000002672556dd50 14820       1       org.jetbrains.kotlin.types.TypeConstructorSubstitution$Companion$createByConstructorsMap$1::approximateCapturedTypes (5 bytes)
Event: 60.024 Thread 0x000002672556dd50 nmethod 14820 0x0000026719843110 code [0x00000267198432a0, 0x0000026719843370]
Event: 60.024 Thread 0x000002672556dd50 14821       1       org.jetbrains.kotlin.types.TypeSubstitution$Companion$EMPTY$1::isEmpty (2 bytes)
Event: 60.024 Thread 0x000002672556dd50 nmethod 14821 0x0000026719842e10 code [0x0000026719842fa0, 0x0000026719843068]
Event: 60.024 Thread 0x000002672556dd50 14822       1       org.jetbrains.kotlin.descriptors.impl.FunctionDescriptorImpl::isHiddenForResolutionEverywhereBesideSupercalls (5 bytes)
Event: 60.024 Thread 0x000002672556dd50 nmethod 14822 0x0000026719842b10 code [0x0000026719842ca0, 0x0000026719842d70]
Event: 60.024 Thread 0x000002672556dd50 14823       3       org.jetbrains.kotlin.types.TypeSubstitutor::getSubstitution (14 bytes)
Event: 60.025 Thread 0x000002672556dd50 nmethod 14823 0x0000026712afa610 code [0x0000026712afa7c0, 0x0000026712afa940]
Event: 60.025 Thread 0x000002672556dd50 14824       1       org.jetbrains.kotlin.resolve.lazy.descriptors.AbstractLazyMemberScope::getThisDescriptor (5 bytes)
Event: 60.025 Thread 0x000002672556dd50 nmethod 14824 0x0000026719842810 code [0x00000267198429a0, 0x0000026719842a68]
Event: 60.025 Thread 0x000002672556dd50 14825       3       org.jetbrains.kotlin.resolve.DescriptorUtils::getParentOfType (52 bytes)
Event: 60.025 Thread 0x000002672556dd50 nmethod 14825 0x0000026711f3ee90 code [0x0000026711f3f0a0, 0x0000026711f3f578]
Event: 60.025 Thread 0x000002672556dd50 14826       3       org.jetbrains.kotlin.types.TypeSubstitutor::isEmpty (8 bytes)
Event: 60.025 Thread 0x000002672556dd50 nmethod 14826 0x0000026711f3ea10 code [0x0000026711f3ebc0, 0x0000026711f3ed98]
Event: 60.028 Thread 0x0000026725566850 nmethod 14817 0x0000026719841e10 code [0x0000026719842000, 0x00000267198424c8]
Event: 60.028 Thread 0x0000026725566850 14827       4       org.jetbrains.kotlin.utils.WrappedValues::unescapeThrowable (44 bytes)
Event: 60.028 Thread 0x0000026725566850 nmethod 14827 0x0000026719841b10 code [0x0000026719841ca0, 0x0000026719841d38]
Event: 60.039 Thread 0x000002672556dd50 14828       3       org.jetbrains.kotlin.com.intellij.concurrency.ThreadContext::checkContextInstalled (46 bytes)
Event: 60.040 Thread 0x000002672556dd50 nmethod 14828 0x0000026712aba710 code [0x0000026712aba940, 0x0000026712abafa0]

GC Heap History (20 events):
Event: 52.526 GC heap before
{Heap before GC invocations=41 (full 0):
 garbage-first heap   total 181248K, used 121856K [0x0000000080000000, 0x0000000100000000)
  region size 1024K, 12 young (12288K), 7 survivors (7168K)
 Metaspace       used 92141K, committed 94400K, reserved 557056K
  class space    used 13407K, committed 14528K, reserved 425984K
}
Event: 52.536 GC heap after
{Heap after GC invocations=42 (full 0):
 garbage-first heap   total 218112K, used 116735K [0x0000000080000000, 0x0000000100000000)
  region size 1024K, 2 young (2048K), 2 survivors (2048K)
 Metaspace       used 92141K, committed 94400K, reserved 557056K
  class space    used 13407K, committed 14528K, reserved 425984K
}
Event: 53.962 GC heap before
{Heap before GC invocations=43 (full 0):
 garbage-first heap   total 218112K, used 189439K [0x0000000080000000, 0x0000000100000000)
  region size 1024K, 73 young (74752K), 2 survivors (2048K)
 Metaspace       used 97638K, committed 99968K, reserved 557056K
  class space    used 14151K, committed 15296K, reserved 425984K
}
Event: 53.966 GC heap after
{Heap after GC invocations=44 (full 0):
 garbage-first heap   total 218112K, used 119594K [0x0000000080000000, 0x0000000100000000)
  region size 1024K, 4 young (4096K), 4 survivors (4096K)
 Metaspace       used 97638K, committed 99968K, reserved 557056K
  class space    used 14151K, committed 15296K, reserved 425984K
}
Event: 54.820 GC heap before
{Heap before GC invocations=44 (full 0):
 garbage-first heap   total 218112K, used 194346K [0x0000000080000000, 0x0000000100000000)
  region size 1024K, 77 young (78848K), 4 survivors (4096K)
 Metaspace       used 101658K, committed 104064K, reserved 557056K
  class space    used 14709K, committed 15936K, reserved 425984K
}
Event: 54.830 GC heap after
{Heap after GC invocations=45 (full 0):
 garbage-first heap   total 218112K, used 123896K [0x0000000080000000, 0x0000000100000000)
  region size 1024K, 10 young (10240K), 10 survivors (10240K)
 Metaspace       used 101658K, committed 104064K, reserved 557056K
  class space    used 14709K, committed 15936K, reserved 425984K
}
Event: 55.730 GC heap before
{Heap before GC invocations=45 (full 0):
 garbage-first heap   total 218112K, used 195576K [0x0000000080000000, 0x0000000100000000)
  region size 1024K, 80 young (81920K), 10 survivors (10240K)
 Metaspace       used 108919K, committed 111360K, reserved 557056K
  class space    used 15619K, committed 16832K, reserved 425984K
}
Event: 55.740 GC heap after
{Heap after GC invocations=46 (full 0):
 garbage-first heap   total 218112K, used 126840K [0x0000000080000000, 0x0000000100000000)
  region size 1024K, 5 young (5120K), 5 survivors (5120K)
 Metaspace       used 108919K, committed 111360K, reserved 557056K
  class space    used 15619K, committed 16832K, reserved 425984K
}
Event: 56.919 GC heap before
{Heap before GC invocations=47 (full 0):
 garbage-first heap   total 218112K, used 204664K [0x0000000080000000, 0x0000000100000000)
  region size 1024K, 74 young (75776K), 5 survivors (5120K)
 Metaspace       used 112998K, committed 115584K, reserved 557056K
  class space    used 16102K, committed 17344K, reserved 425984K
}
Event: 56.939 GC heap after
{Heap after GC invocations=48 (full 0):
 garbage-first heap   total 225280K, used 141824K [0x0000000080000000, 0x0000000100000000)
  region size 1024K, 10 young (10240K), 10 survivors (10240K)
 Metaspace       used 112998K, committed 115584K, reserved 557056K
  class space    used 16102K, committed 17344K, reserved 425984K
}
Event: 57.344 GC heap before
{Heap before GC invocations=48 (full 0):
 garbage-first heap   total 225280K, used 200192K [0x0000000080000000, 0x0000000100000000)
  region size 1024K, 67 young (68608K), 10 survivors (10240K)
 Metaspace       used 114503K, committed 116992K, reserved 557056K
  class space    used 16293K, committed 17536K, reserved 425984K
}
Event: 57.367 GC heap after
{Heap after GC invocations=49 (full 0):
 garbage-first heap   total 227328K, used 153600K [0x0000000080000000, 0x0000000100000000)
  region size 1024K, 9 young (9216K), 9 survivors (9216K)
 Metaspace       used 114503K, committed 116992K, reserved 557056K
  class space    used 16293K, committed 17536K, reserved 425984K
}
Event: 57.624 GC heap before
{Heap before GC invocations=49 (full 0):
 garbage-first heap   total 227328K, used 171008K [0x0000000080000000, 0x0000000100000000)
  region size 1024K, 27 young (27648K), 9 survivors (9216K)
 Metaspace       used 116936K, committed 119424K, reserved 557056K
  class space    used 16558K, committed 17792K, reserved 425984K
}
Event: 57.632 GC heap after
{Heap after GC invocations=50 (full 0):
 garbage-first heap   total 227328K, used 156001K [0x0000000080000000, 0x0000000100000000)
  region size 1024K, 2 young (2048K), 2 survivors (2048K)
 Metaspace       used 116936K, committed 119424K, reserved 557056K
  class space    used 16558K, committed 17792K, reserved 425984K
}
Event: 58.281 GC heap before
{Heap before GC invocations=51 (full 0):
 garbage-first heap   total 271360K, used 211297K [0x0000000080000000, 0x0000000100000000)
  region size 1024K, 50 young (51200K), 2 survivors (2048K)
 Metaspace       used 121998K, committed 124480K, reserved 557056K
  class space    used 16995K, committed 18240K, reserved 425984K
}
Event: 58.287 GC heap after
{Heap after GC invocations=52 (full 0):
 garbage-first heap   total 271360K, used 165359K [0x0000000080000000, 0x0000000100000000)
  region size 1024K, 5 young (5120K), 5 survivors (5120K)
 Metaspace       used 121998K, committed 124480K, reserved 557056K
  class space    used 16995K, committed 18240K, reserved 425984K
}
Event: 59.335 GC heap before
{Heap before GC invocations=52 (full 0):
 garbage-first heap   total 271360K, used 243183K [0x0000000080000000, 0x0000000100000000)
  region size 1024K, 81 young (82944K), 5 survivors (5120K)
 Metaspace       used 131214K, committed 134080K, reserved 557056K
  class space    used 18230K, committed 19648K, reserved 425984K
}
Event: 59.345 GC heap after
{Heap after GC invocations=53 (full 0):
 garbage-first heap   total 271360K, used 166766K [0x0000000080000000, 0x0000000100000000)
  region size 1024K, 9 young (9216K), 9 survivors (9216K)
 Metaspace       used 131214K, committed 134080K, reserved 557056K
  class space    used 18230K, committed 19648K, reserved 425984K
}
Event: 59.462 GC heap before
{Heap before GC invocations=53 (full 0):
 garbage-first heap   total 271360K, used 173934K [0x0000000080000000, 0x0000000100000000)
  region size 1024K, 17 young (17408K), 9 survivors (9216K)
 Metaspace       used 132035K, committed 134848K, reserved 557056K
  class space    used 18333K, committed 19712K, reserved 425984K
}
Event: 59.470 GC heap after
{Heap after GC invocations=54 (full 0):
 garbage-first heap   total 271360K, used 168213K [0x0000000080000000, 0x0000000100000000)
  region size 1024K, 6 young (6144K), 6 survivors (6144K)
 Metaspace       used 132035K, committed 134848K, reserved 557056K
  class space    used 18333K, committed 19712K, reserved 425984K
}

Dll operation events (15 events):
Event: 0.007 Loaded shared library C:\Users\admin\.vscode\extensions\redhat.java-1.54.0-win32-x64\jre\21.0.10-win32-x86_64\bin\java.dll
Event: 0.067 Loaded shared library C:\Users\admin\.vscode\extensions\redhat.java-1.54.0-win32-x64\jre\21.0.10-win32-x86_64\bin\zip.dll
Event: 0.091 Loaded shared library C:\Users\admin\.vscode\extensions\redhat.java-1.54.0-win32-x64\jre\21.0.10-win32-x86_64\bin\instrument.dll
Event: 0.096 Loaded shared library C:\Users\admin\.vscode\extensions\redhat.java-1.54.0-win32-x64\jre\21.0.10-win32-x86_64\bin\net.dll
Event: 0.099 Loaded shared library C:\Users\admin\.vscode\extensions\redhat.java-1.54.0-win32-x64\jre\21.0.10-win32-x86_64\bin\nio.dll
Event: 0.103 Loaded shared library C:\Users\admin\.vscode\extensions\redhat.java-1.54.0-win32-x64\jre\21.0.10-win32-x86_64\bin\zip.dll
Event: 0.406 Loaded shared library C:\Users\admin\.vscode\extensions\redhat.java-1.54.0-win32-x64\jre\21.0.10-win32-x86_64\bin\jimage.dll
Event: 0.597 Loaded shared library C:\Users\admin\.vscode\extensions\redhat.java-1.54.0-win32-x64\jre\21.0.10-win32-x86_64\bin\verify.dll
Event: 0.791 Loaded shared library C:\Users\admin\.gradle\native\1def1411415f61bf3af743bc5b6707747c0891f09f0c88961ee8f79bc544acac\windows-amd64\native-platform.dll
Event: 0.802 Loaded shared library C:\Users\admin\.gradle\native\0.2.7\x86_64-windows-gnu\gradle-fileevents.dll
Event: 1.887 Loaded shared library C:\Users\admin\.vscode\extensions\redhat.java-1.54.0-win32-x64\jre\21.0.10-win32-x86_64\bin\management.dll
Event: 1.890 Loaded shared library C:\Users\admin\.vscode\extensions\redhat.java-1.54.0-win32-x64\jre\21.0.10-win32-x86_64\bin\management_ext.dll
Event: 2.036 Loaded shared library C:\Users\admin\.vscode\extensions\redhat.java-1.54.0-win32-x64\jre\21.0.10-win32-x86_64\bin\extnet.dll
Event: 2.225 Loaded shared library C:\Users\admin\.vscode\extensions\redhat.java-1.54.0-win32-x64\jre\21.0.10-win32-x86_64\bin\sunmscapi.dll
Event: 13.207 Loaded shared library C:\Users\admin\.vscode\extensions\redhat.java-1.54.0-win32-x64\jre\21.0.10-win32-x86_64\bin\rmi.dll

Deoptimization events (20 events):
Event: 58.855 Thread 0x000002674666ae30 DEOPT PACKING pc=0x000002671994b0e8 sp=0x000000ad91ef07a0
Event: 58.855 Thread 0x000002674666ae30 DEOPT UNPACKING pc=0x0000026718dd4422 sp=0x000000ad91ef06e8 mode 2
Event: 58.908 Thread 0x000002674666ae30 Uncommon trap: trap_request=0xffffff45 fr.pc=0x0000026719905fd8 relative=0x00000000000005f8
Event: 58.908 Thread 0x000002674666ae30 Uncommon trap: reason=unstable_if action=reinterpret pc=0x0000026719905fd8 method=org.jetbrains.org.objectweb.asm.ClassReader.readUtf(II[C)Ljava/lang/String; @ 41 c2
Event: 58.908 Thread 0x000002674666ae30 DEOPT PACKING pc=0x0000026719905fd8 sp=0x000000ad91ef0210
Event: 58.908 Thread 0x000002674666ae30 DEOPT UNPACKING pc=0x0000026718dd4422 sp=0x000000ad91ef01d8 mode 2
Event: 59.011 Thread 0x000002674666ae30 DEOPT PACKING pc=0x0000026711c9b5cf sp=0x000000ad91eeb730
Event: 59.011 Thread 0x000002674666ae30 DEOPT UNPACKING pc=0x0000026718dd4bc2 sp=0x000000ad91eeac38 mode 0
Event: 59.196 Thread 0x000002674666ae30 Uncommon trap: trap_request=0xffffffbe fr.pc=0x00000267196d8b34 relative=0x00000000000002d4
Event: 59.196 Thread 0x000002674666ae30 Uncommon trap: reason=profile_predicate action=maybe_recompile pc=0x00000267196d8b34 method=java.util.regex.Pattern$BnM.optimize(Ljava/util/regex/Pattern$Node;)Ljava/util/regex/Pattern$Node; @ 67 c2
Event: 59.196 Thread 0x000002674666ae30 DEOPT PACKING pc=0x00000267196d8b34 sp=0x000000ad91eef4b0
Event: 59.196 Thread 0x000002674666ae30 DEOPT UNPACKING pc=0x0000026718dd4422 sp=0x000000ad91eef458 mode 2
Event: 59.939 Thread 0x000002674666ae30 Uncommon trap: trap_request=0xffffff45 fr.pc=0x000002671969e9d8 relative=0x0000000000000478
Event: 59.939 Thread 0x000002674666ae30 Uncommon trap: reason=unstable_if action=reinterpret pc=0x000002671969e9d8 method=java.util.concurrent.ConcurrentHashMap.replaceNode(Ljava/lang/Object;Ljava/lang/Object;Ljava/lang/Object;)Ljava/lang/Object; @ 167 c2
Event: 59.939 Thread 0x000002674666ae30 DEOPT PACKING pc=0x000002671969e9d8 sp=0x000000ad91eefda0
Event: 59.939 Thread 0x000002674666ae30 DEOPT UNPACKING pc=0x0000026718dd4422 sp=0x000000ad91eefd28 mode 2
Event: 59.975 Thread 0x000002674666ae30 Uncommon trap: trap_request=0xffffff45 fr.pc=0x0000026719995af4 relative=0x0000000000000854
Event: 59.975 Thread 0x000002674666ae30 Uncommon trap: reason=unstable_if action=reinterpret pc=0x0000026719995af4 method=org.jetbrains.kotlin.metadata.ProtoBuf$Type.getSerializedSize()I @ 108 c2
Event: 59.975 Thread 0x000002674666ae30 DEOPT PACKING pc=0x0000026719995af4 sp=0x000000ad91ef1130
Event: 59.975 Thread 0x000002674666ae30 DEOPT UNPACKING pc=0x0000026718dd4422 sp=0x000000ad91ef10d0 mode 2

Classes loaded (20 events):
Event: 56.112 Loading class java/beans/PropertyChangeSupport$PropertyChangeListenerMap
Event: 56.113 Loading class java/beans/ChangeListenerMap
Event: 56.113 Loading class java/beans/ChangeListenerMap done
Event: 56.113 Loading class java/beans/PropertyChangeSupport$PropertyChangeListenerMap done
Event: 56.143 Loading class java/util/zip/ZipFile$ZipEntryIterator
Event: 56.143 Loading class java/util/zip/ZipFile$ZipEntryIterator done
Event: 57.170 Loading class java/util/regex/Pattern$Bound
Event: 57.170 Loading class java/util/regex/Pattern$Bound done
Event: 58.872 Loading class java/text/StringCharacterIterator
Event: 58.872 Loading class java/text/CharacterIterator
Event: 58.872 Loading class java/text/CharacterIterator done
Event: 58.872 Loading class java/text/StringCharacterIterator done
Event: 59.301 Loading class java/util/EnumMap$EntrySet
Event: 59.301 Loading class java/util/EnumMap$EntrySet done
Event: 59.301 Loading class java/util/EnumMap$EntryIterator
Event: 59.301 Loading class java/util/EnumMap$EnumMapIterator
Event: 59.301 Loading class java/util/EnumMap$EnumMapIterator done
Event: 59.301 Loading class java/util/EnumMap$EntryIterator done
Event: 59.301 Loading class java/util/EnumMap$EntryIterator$Entry
Event: 59.301 Loading class java/util/EnumMap$EntryIterator$Entry done

Classes unloaded (0 events):
No events

Classes redefined (0 events):
No events

Internal exceptions (20 events):
Event: 55.812 Thread 0x000002674666ae30 Exception <a 'java/lang/NoSuchMethodError'{0x000000008cbb4a60}: 'java.lang.Object java.lang.invoke.DelegatingMethodHandle$Holder.reinvoke_L(java.lang.Object, int, long, java.lang.Object, java.lang.Object, int, java.lang.Object)'> (0x000000008cbb4a60) 
thrown [s\src\hotspot\share\interpreter\linkResolver.cpp, line 773]
Event: 56.051 Thread 0x000002674666ae30 Exception <a 'java/lang/NoSuchMethodError'{0x000000008b9d47a8}: 'int java.lang.invoke.DirectMethodHandle$Holder.invokeSpecial(java.lang.Object, java.lang.Object, int, int)'> (0x000000008b9d47a8) 
thrown [s\src\hotspot\share\interpreter\linkResolver.cpp, line 773]
Event: 56.062 Thread 0x000002674666ae30 Exception <a 'java/lang/NoSuchMethodError'{0x000000008b880f50}: 'java.lang.Object java.lang.invoke.Invokers$Holder.invokeExact_MT(java.lang.Object, java.lang.Object, long, java.lang.Object)'> (0x000000008b880f50) 
thrown [s\src\hotspot\share\interpreter\linkResolver.cpp, line 773]
Event: 56.064 Thread 0x000002674666ae30 Exception <a 'java/lang/NoSuchMethodError'{0x000000008b8961b0}: 'void java.lang.invoke.Invokers$Holder.invokeExact_MT(java.lang.Object, java.lang.Object, long, java.lang.Object, java.lang.Object)'> (0x000000008b8961b0) 
thrown [s\src\hotspot\share\interpreter\linkResolver.cpp, line 773]
Event: 56.143 Thread 0x000002674666ae30 Implicit null exception at 0x00000267194fea12 to 0x00000267194ff9b0
Event: 56.891 Thread 0x000002674666ae30 Implicit null exception at 0x000002671990886e to 0x000002671990a9a8
Event: 56.894 Thread 0x000002674666ae30 Implicit null exception at 0x000002671987c5a7 to 0x000002671987cc34
Event: 58.491 Thread 0x000002674666ae30 Exception <a 'java/lang/NoSuchMethodError'{0x000000008f0dc238}: 'java.lang.Object java.lang.invoke.DirectMethodHandle$Holder.newInvokeSpecial(java.lang.Object, java.lang.Object, java.lang.Object, java.lang.Object, java.lang.Object, java.lang.Object, java.lang.Object, java.lang.Object, java.lang.Object, java.lang.Object, java.lang.Object, java.lang.Object, java.lang.Object, java.lang.Object)'> (0x000000008f0dc238) 
thrown [s\src\hotspot\share\interpreter\linkResolver.cpp, line 773]
Event: 58.502 Thread 0x000002674666ae30 Exception <a 'java/lang/NoSuchMethodError'{0x000000008efff6c8}: 'java.lang.Object java.lang.invoke.DirectMethodHandle$Holder.newInvokeSpecial(java.lang.Object, java.lang.Object, java.lang.Object, java.lang.Object, java.lang.Object, java.lang.Object, java.lang.Object, java.lang.Object, java.lang.Object, java.lang.Object, java.lang.Object, java.lang.Object, java.lang.Object, java.lang.Object, java.lang.Object, java.lang.Object, java.lang.Object, java.lang.Object, java.lang.Object, java.lang.Object, java.lang
Event: 58.502 Thread 0x000002674666ae30 Exception <a 'java/lang/NoSuchMethodError'{0x000000008ee07938}: 'java.lang.Object java.lang.invoke.DelegatingMethodHandle$Holder.reinvoke_L(java.lang.Object, java.lang.Object, java.lang.Object, java.lang.Object, java.lang.Object, java.lang.Object, java.lang.Object, java.lang.Object, java.lang.Object, java.lang.Object, java.lang.Object, java.lang.Object, java.lang.Object, java.lang.Object, java.lang.Object, java.lang.Object, java.lang.Object, java.lang.Object, java.lang.Object, java.lang.Object, java.lang.O
Event: 58.519 Thread 0x000002674666ae30 Exception <a 'java/lang/NoSuchMethodError'{0x000000008ededdd8}: 'java.lang.Object java.lang.invoke.DirectMethodHandle$Holder.newInvokeSpecial(java.lang.Object, java.lang.Object, java.lang.Object, java.lang.Object, java.lang.Object, java.lang.Object, java.lang.Object, java.lang.Object, java.lang.Object, java.lang.Object, java.lang.Object, java.lang.Object, java.lang.Object, java.lang.Object, java.lang.Object, java.lang.Object, java.lang.Object, java.lang.Object, java.lang.Object, java.lang.Object)'> (0x0000
Event: 58.519 Thread 0x000002674666ae30 Exception <a 'java/lang/NoSuchMethodError'{0x000000008edf5cf8}: 'java.lang.Object java.lang.invoke.DirectMethodHandle$Holder.invokeSpecial(java.lang.Object, java.lang.Object, java.lang.Object, java.lang.Object, java.lang.Object, java.lang.Object, java.lang.Object, java.lang.Object, java.lang.Object, java.lang.Object, java.lang.Object, java.lang.Object, java.lang.Object, java.lang.Object, java.lang.Object, java.lang.Object, java.lang.Object, java.lang.Object, java.lang.Object, java.lang.Object, java.lang.Ob
Event: 58.519 Thread 0x000002674666ae30 Exception <a 'java/lang/NoSuchMethodError'{0x000000008edfc768}: 'java.lang.Object java.lang.invoke.DelegatingMethodHandle$Holder.reinvoke_L(java.lang.Object, java.lang.Object, java.lang.Object, java.lang.Object, java.lang.Object, java.lang.Object, java.lang.Object, java.lang.Object, java.lang.Object, java.lang.Object, java.lang.Object, java.lang.Object, java.lang.Object, java.lang.Object, java.lang.Object, java.lang.Object, java.lang.Object, java.lang.Object, java.lang.Object, java.lang.Object)'> (0x000000
Event: 59.390 Thread 0x000002674666ae30 Exception <a 'java/lang/NoSuchMethodError'{0x00000000ffd930a0}: 'java.lang.Object java.lang.invoke.DirectMethodHandle$Holder.invokeSpecial(java.lang.Object, java.lang.Object, java.lang.Object, java.lang.Object, java.lang.Object, java.lang.Object, int)'> (0x00000000ffd930a0) 
thrown [s\src\hotspot\share\interpreter\linkResolver.cpp, line 773]
Event: 59.395 Thread 0x000002674666ae30 Exception <a 'java/lang/NoSuchMethodError'{0x00000000ffde6e50}: 'java.lang.Object java.lang.invoke.DirectMethodHandle$Holder.newInvokeSpecial(java.lang.Object, java.lang.Object, java.lang.Object, java.lang.Object, java.lang.Object, java.lang.Object, java.lang.Object, int, java.lang.Object)'> (0x00000000ffde6e50) 
thrown [s\src\hotspot\share\interpreter\linkResolver.cpp, line 773]
Event: 59.438 Thread 0x000002674666ae30 Exception <a 'java/lang/NoSuchMethodError'{0x00000000ff6ba058}: 'java.lang.Object java.lang.invoke.DirectMethodHandle$Holder.invokeStatic(java.lang.Object, java.lang.Object, java.lang.Object, java.lang.Object, java.lang.Object, int, java.lang.Object)'> (0x00000000ff6ba058) 
thrown [s\src\hotspot\share\interpreter\linkResolver.cpp, line 773]
Event: 59.438 Thread 0x000002674666ae30 Exception <a 'java/lang/NoSuchMethodError'{0x00000000ff6c47d0}: 'java.lang.Object java.lang.invoke.DirectMethodHandle$Holder.newInvokeSpecial(java.lang.Object, java.lang.Object, java.lang.Object, java.lang.Object, java.lang.Object, int, java.lang.Object)'> (0x00000000ff6c47d0) 
thrown [s\src\hotspot\share\interpreter\linkResolver.cpp, line 773]
Event: 59.438 Thread 0x000002674666ae30 Exception <a 'java/lang/NoSuchMethodError'{0x00000000ff6ca410}: 'java.lang.Object java.lang.invoke.DirectMethodHandle$Holder.invokeSpecial(java.lang.Object, java.lang.Object, java.lang.Object, java.lang.Object, java.lang.Object, java.lang.Object, int, java.lang.Object)'> (0x00000000ff6ca410) 
thrown [s\src\hotspot\share\interpreter\linkResolver.cpp, line 773]
Event: 59.439 Thread 0x000002674666ae30 Exception <a 'java/lang/NoSuchMethodError'{0x00000000ff6cfc90}: 'java.lang.Object java.lang.invoke.Invokers$Holder.linkToTargetMethod(java.lang.Object, java.lang.Object, java.lang.Object, java.lang.Object, int, java.lang.Object, java.lang.Object)'> (0x00000000ff6cfc90) 
thrown [s\src\hotspot\share\interpreter\linkResolver.cpp, line 773]
Event: 59.610 Thread 0x000002674666ae30 Exception <a 'java/lang/NoSuchMethodError'{0x000000008e62aa08}: 'java.lang.Object java.lang.invoke.DirectMethodHandle$Holder.invokeStatic(java.lang.Object, java.lang.Object, java.lang.Object, java.lang.Object, int, java.lang.Object, java.lang.Object)'> (0x000000008e62aa08) 
thrown [s\src\hotspot\share\interpreter\linkResolver.cpp, line 773]

ZGC Phase Switch (0 events):
No events

VM Operations (20 events):
Event: 58.838 Executing non-safepoint VM operation: HandshakeAllThreads (Deoptimize)
Event: 58.838 Executing non-safepoint VM operation: HandshakeAllThreads (Deoptimize) done
Event: 59.128 Executing non-safepoint VM operation: HandshakeAllThreads (Deoptimize)
Event: 59.128 Executing non-safepoint VM operation: HandshakeAllThreads (Deoptimize) done
Event: 59.151 Executing non-safepoint VM operation: HandshakeAllThreads (Deoptimize)
Event: 59.151 Executing non-safepoint VM operation: HandshakeAllThreads (Deoptimize) done
Event: 59.223 Executing non-safepoint VM operation: HandshakeAllThreads (Deoptimize)
Event: 59.223 Executing non-safepoint VM operation: HandshakeAllThreads (Deoptimize) done
Event: 59.241 Executing safepoint VM operation: ICBufferFull
Event: 59.242 Executing safepoint VM operation: ICBufferFull done
Event: 59.250 Executing non-safepoint VM operation: HandshakeAllThreads (Deoptimize)
Event: 59.250 Executing non-safepoint VM operation: HandshakeAllThreads (Deoptimize) done
Event: 59.335 Executing safepoint VM operation: G1CollectForAllocation (G1 Evacuation Pause)
Event: 59.345 Executing safepoint VM operation: G1CollectForAllocation (G1 Evacuation Pause) done
Event: 59.462 Executing safepoint VM operation: G1TryInitiateConcMark (G1 Humongous Allocation)
Event: 59.470 Executing safepoint VM operation: G1TryInitiateConcMark (G1 Humongous Allocation) done
Event: 59.680 Executing safepoint VM operation: G1PauseRemark
Event: 59.687 Executing safepoint VM operation: G1PauseRemark done
Event: 59.772 Executing safepoint VM operation: G1PauseCleanup
Event: 59.773 Executing safepoint VM operation: G1PauseCleanup done

Memory protections (0 events):
No events

Nmethod flushes (20 events):
Event: 59.686 Thread 0x0000026725537050 flushing  nmethod 0x00000267120b9410
Event: 59.686 Thread 0x0000026725537050 flushing  nmethod 0x00000267120ea110
Event: 59.686 Thread 0x0000026725537050 flushing  nmethod 0x000002671214b790
Event: 59.686 Thread 0x0000026725537050 flushing  nmethod 0x00000267122d1b90
Event: 59.686 Thread 0x0000026725537050 flushing  nmethod 0x00000267122d2010
Event: 59.686 Thread 0x0000026725537050 flushing  nmethod 0x00000267122d2590
Event: 59.686 Thread 0x0000026725537050 flushing  nmethod 0x00000267122d2b90
Event: 59.686 Thread 0x0000026725537050 flushing  nmethod 0x0000026712528410
Event: 59.686 Thread 0x0000026725537050 flushing  nmethod 0x0000026712aac090
Event: 59.686 Thread 0x0000026725537050 flushing  nmethod 0x0000026712ac4a10
Event: 59.686 Thread 0x0000026725537050 flushing  nmethod 0x0000026712ac9e90
Event: 59.686 Thread 0x0000026725537050 flushing  nmethod 0x0000026712ace890
Event: 59.686 Thread 0x0000026725537050 flushing  nmethod 0x0000026712af1d90
Event: 59.686 Thread 0x0000026725537050 flushing osr nmethod 0x0000026712af2790
Event: 59.686 Thread 0x0000026725537050 flushing  nmethod 0x0000026712af3510
Event: 59.686 Thread 0x0000026725537050 flushing  nmethod 0x0000026712af4090
Event: 59.686 Thread 0x0000026725537050 flushing  nmethod 0x0000026712af4890
Event: 59.686 Thread 0x0000026725537050 flushing  nmethod 0x0000026712af5210
Event: 59.686 Thread 0x0000026725537050 flushing  nmethod 0x0000026712af5e10
Event: 59.686 Thread 0x0000026725537050 flushing  nmethod 0x0000026712af9610

Events (20 events):
Event: 47.479 Thread 0x00000267482f5f50 Thread exited: 0x00000267482f5f50
Event: 47.906 Thread 0x000002674666ae30 Thread added: 0x0000026746e33110
Event: 47.966 Thread 0x000002674666ae30 Thread added: 0x0000026746e372b0
Event: 48.516 Thread 0x000002674666ae30 Thread added: 0x0000026746e36c20
Event: 51.153 Thread 0x000002672556dd50 Thread added: 0x0000026746e6cbf0
Event: 51.319 Thread 0x0000026746e6cbf0 Thread exited: 0x0000026746e6cbf0
Event: 52.055 Thread 0x000002672556dd50 Thread added: 0x0000026746e6b0b0
Event: 53.027 Thread 0x0000026746e6b0b0 Thread exited: 0x0000026746e6b0b0
Event: 53.627 Thread 0x000002672556dd50 Thread added: 0x0000026746e6c520
Event: 53.935 Thread 0x000002674666ae30 Thread added: 0x0000026746e36590
Event: 54.304 Thread 0x0000026746e6c520 Thread exited: 0x0000026746e6c520
Event: 54.429 Thread 0x000002672556dd50 Thread added: 0x0000026747475940
Event: 55.091 Thread 0x0000026747475940 Thread exited: 0x0000026747475940
Event: 56.089 Thread 0x000002672556dd50 Thread added: 0x00000267474766e0
Event: 56.802 Thread 0x00000267474766e0 Thread exited: 0x00000267474766e0
Event: 56.874 Thread 0x000002672556dd50 Thread added: 0x00000267474766e0
Event: 57.445 Thread 0x00000267474766e0 Thread exited: 0x00000267474766e0
Event: 58.412 Thread 0x000002672556dd50 Thread added: 0x000002675031ef90
Event: 59.157 Thread 0x000002675031ef90 Thread exited: 0x000002675031ef90
Event: 59.503 Thread 0x000002672556dd50 Thread added: 0x0000026750322610


Dynamic libraries:
0x00007ff65cde0000 - 0x00007ff65cdee000 	C:\Users\admin\.vscode\extensions\redhat.java-1.54.0-win32-x64\jre\21.0.10-win32-x86_64\bin\java.exe
0x00007ffd83a00000 - 0x00007ffd83bf0000 	C:\Windows\SYSTEM32\ntdll.dll
0x00007ffd81bd0000 - 0x00007ffd81c82000 	C:\Windows\System32\KERNEL32.DLL
0x00007ffd81640000 - 0x00007ffd818e5000 	C:\Windows\System32\KERNELBASE.dll
0x00007ffd809a0000 - 0x00007ffd80a9a000 	C:\Windows\System32\ucrtbase.dll
0x00007ffd577e0000 - 0x00007ffd577fe000 	C:\Users\admin\.vscode\extensions\redhat.java-1.54.0-win32-x64\jre\21.0.10-win32-x86_64\bin\VCRUNTIME140.dll
0x00007ffd5e340000 - 0x00007ffd5e358000 	C:\Users\admin\.vscode\extensions\redhat.java-1.54.0-win32-x64\jre\21.0.10-win32-x86_64\bin\jli.dll
0x00007ffd82d30000 - 0x00007ffd82ec4000 	C:\Windows\System32\USER32.dll
0x00007ffd80970000 - 0x00007ffd80991000 	C:\Windows\System32\win32u.dll
0x00007ffd71e60000 - 0x00007ffd720e4000 	C:\Windows\WinSxS\amd64_microsoft.windows.common-controls_6595b64144ccf1df_6.0.18362.1556_none_9e7e372fe45e41d5\COMCTL32.dll
0x00007ffd81c90000 - 0x00007ffd81d2e000 	C:\Windows\System32\msvcrt.dll
0x00007ffd82ed0000 - 0x00007ffd83206000 	C:\Windows\System32\combase.dll
0x00007ffd82d00000 - 0x00007ffd82d26000 	C:\Windows\System32\GDI32.dll
0x00007ffd81ab0000 - 0x00007ffd81bcf000 	C:\Windows\System32\RPCRT4.dll
0x00007ffd80aa0000 - 0x00007ffd80b21000 	C:\Windows\System32\bcryptPrimitives.dll
0x00007ffd80d20000 - 0x00007ffd80eb8000 	C:\Windows\System32\gdi32full.dll
0x00007ffd81a10000 - 0x00007ffd81aae000 	C:\Windows\System32\msvcp_win.dll
0x00007ffd832d0000 - 0x00007ffd832fe000 	C:\Windows\System32\IMM32.DLL
0x00007ffd7c9e0000 - 0x00007ffd7c9ec000 	C:\Users\admin\.vscode\extensions\redhat.java-1.54.0-win32-x64\jre\21.0.10-win32-x86_64\bin\vcruntime140_1.dll
0x00007ffd57750000 - 0x00007ffd577dd000 	C:\Users\admin\.vscode\extensions\redhat.java-1.54.0-win32-x64\jre\21.0.10-win32-x86_64\bin\msvcp140.dll
0x00007ffd1c700000 - 0x00007ffd1d4a1000 	C:\Users\admin\.vscode\extensions\redhat.java-1.54.0-win32-x64\jre\21.0.10-win32-x86_64\bin\server\jvm.dll
0x00007ffd83690000 - 0x00007ffd83733000 	C:\Windows\System32\ADVAPI32.dll
0x00007ffd835f0000 - 0x00007ffd83687000 	C:\Windows\System32\sechost.dll
0x00007ffd80920000 - 0x00007ffd8096a000 	C:\Windows\System32\POWRPROF.dll
0x00007ffd808b0000 - 0x00007ffd808c0000 	C:\Windows\System32\UMPDC.dll
0x00007ffd83740000 - 0x00007ffd837af000 	C:\Windows\System32\WS2_32.dll
0x00007ffd7e9d0000 - 0x00007ffd7e9f4000 	C:\Windows\SYSTEM32\WINMM.dll
0x00007ffd79400000 - 0x00007ffd7940a000 	C:\Windows\SYSTEM32\VERSION.dll
0x00007ffd7e9a0000 - 0x00007ffd7e9cd000 	C:\Windows\SYSTEM32\winmmbase.dll
0x00007ffd81910000 - 0x00007ffd8195a000 	C:\Windows\System32\cfgmgr32.dll
0x00007ffd808c0000 - 0x00007ffd808d1000 	C:\Windows\System32\kernel.appcore.dll
0x00007ffd628c0000 - 0x00007ffd628ca000 	C:\Users\admin\.vscode\extensions\redhat.java-1.54.0-win32-x64\jre\21.0.10-win32-x86_64\bin\jimage.dll
0x00007ffd728f0000 - 0x00007ffd72ae4000 	C:\Windows\SYSTEM32\DBGHELP.DLL
0x00007ffd70e40000 - 0x00007ffd70e6a000 	C:\Windows\SYSTEM32\dbgcore.DLL
0x00007ffd57700000 - 0x00007ffd5770f000 	C:\Users\admin\.vscode\extensions\redhat.java-1.54.0-win32-x64\jre\21.0.10-win32-x86_64\bin\instrument.dll
0x00007ffd57730000 - 0x00007ffd57750000 	C:\Users\admin\.vscode\extensions\redhat.java-1.54.0-win32-x64\jre\21.0.10-win32-x86_64\bin\java.dll
0x00007ffd82430000 - 0x00007ffd82b17000 	C:\Windows\System32\SHELL32.dll
0x00007ffd81ef0000 - 0x00007ffd81f98000 	C:\Windows\System32\shcore.dll
0x00007ffd80ec0000 - 0x00007ffd8163b000 	C:\Windows\System32\windows.storage.dll
0x00007ffd80900000 - 0x00007ffd8091e000 	C:\Windows\System32\profapi.dll
0x00007ffd83810000 - 0x00007ffd83862000 	C:\Windows\System32\shlwapi.dll
0x00007ffd818f0000 - 0x00007ffd81907000 	C:\Windows\System32\cryptsp.dll
0x00007ffd57710000 - 0x00007ffd57728000 	C:\Users\admin\.vscode\extensions\redhat.java-1.54.0-win32-x64\jre\21.0.10-win32-x86_64\bin\zip.dll
0x00007ffd5ee00000 - 0x00007ffd5ee10000 	C:\Users\admin\.vscode\extensions\redhat.java-1.54.0-win32-x64\jre\21.0.10-win32-x86_64\bin\net.dll
0x00007ffd76140000 - 0x00007ffd7623a000 	C:\Windows\SYSTEM32\WINHTTP.dll
0x00007ffd80090000 - 0x00007ffd800f7000 	C:\Windows\system32\mswsock.dll
0x00007ffd57460000 - 0x00007ffd57476000 	C:\Users\admin\.vscode\extensions\redhat.java-1.54.0-win32-x64\jre\21.0.10-win32-x86_64\bin\nio.dll
0x00007ffd576f0000 - 0x00007ffd57700000 	C:\Users\admin\.vscode\extensions\redhat.java-1.54.0-win32-x64\jre\21.0.10-win32-x86_64\bin\verify.dll
0x00007ffd74e30000 - 0x00007ffd74e57000 	C:\Users\admin\.gradle\native\1def1411415f61bf3af743bc5b6707747c0891f09f0c88961ee8f79bc544acac\windows-amd64\native-platform.dll
0x00007ffd42330000 - 0x00007ffd423a8000 	C:\Users\admin\.gradle\native\0.2.7\x86_64-windows-gnu\gradle-fileevents.dll
0x00007ffd7d0a0000 - 0x00007ffd7d0aa000 	C:\Users\admin\.vscode\extensions\redhat.java-1.54.0-win32-x64\jre\21.0.10-win32-x86_64\bin\management.dll
0x00007ffd7d090000 - 0x00007ffd7d09c000 	C:\Users\admin\.vscode\extensions\redhat.java-1.54.0-win32-x64\jre\21.0.10-win32-x86_64\bin\management_ext.dll
0x00007ffd82b80000 - 0x00007ffd82b88000 	C:\Windows\System32\PSAPI.DLL
0x00007ffd7fda0000 - 0x00007ffd7fdda000 	C:\Windows\SYSTEM32\IPHLPAPI.DLL
0x00007ffd82b90000 - 0x00007ffd82b98000 	C:\Windows\System32\NSI.dll
0x00007ffd57630000 - 0x00007ffd57639000 	C:\Users\admin\.vscode\extensions\redhat.java-1.54.0-win32-x64\jre\21.0.10-win32-x86_64\bin\extnet.dll
0x00007ffd7fc10000 - 0x00007ffd7fc43000 	C:\Windows\system32\rsaenh.dll
0x00007ffd80cf0000 - 0x00007ffd80d16000 	C:\Windows\System32\bcrypt.dll
0x00007ffd807d0000 - 0x00007ffd807f5000 	C:\Windows\SYSTEM32\USERENV.dll
0x00007ffd80260000 - 0x00007ffd8026c000 	C:\Windows\SYSTEM32\CRYPTBASE.dll
0x00007ffd57650000 - 0x00007ffd5765e000 	C:\Users\admin\.vscode\extensions\redhat.java-1.54.0-win32-x64\jre\21.0.10-win32-x86_64\bin\sunmscapi.dll
0x00007ffd80b30000 - 0x00007ffd80c81000 	C:\Windows\System32\CRYPT32.dll
0x00007ffd808e0000 - 0x00007ffd808f2000 	C:\Windows\System32\MSASN1.dll
0x00007ffd80370000 - 0x00007ffd80396000 	C:\Windows\SYSTEM32\ncrypt.dll
0x00007ffd80330000 - 0x00007ffd8036b000 	C:\Windows\SYSTEM32\NTASN1.dll
0x00007ffd57640000 - 0x00007ffd57647000 	C:\Windows\system32\wshunix.dll
0x00007ffd6e550000 - 0x00007ffd6e566000 	C:\Windows\system32\napinsp.dll
0x00007ffd6e530000 - 0x00007ffd6e54a000 	C:\Windows\system32\pnrpnsp.dll
0x00007ffd7fde0000 - 0x00007ffd7feab000 	C:\Windows\SYSTEM32\DNSAPI.dll
0x00007ffd6e520000 - 0x00007ffd6e52e000 	C:\Windows\System32\winrnr.dll
0x00007ffd7cf50000 - 0x00007ffd7cf6c000 	C:\Windows\system32\NLAapi.dll
0x00007ffd6e500000 - 0x00007ffd6e515000 	C:\Windows\system32\wshbth.dll
0x00007ffd75b10000 - 0x00007ffd75b1a000 	C:\Windows\System32\rasadhlp.dll
0x00007ffd79f80000 - 0x00007ffd79ff7000 	C:\Windows\System32\fwpuclnt.dll
0x00007ffd79340000 - 0x00007ffd79347000 	C:\Users\admin\.vscode\extensions\redhat.java-1.54.0-win32-x64\jre\21.0.10-win32-x86_64\bin\rmi.dll

JVMTI agents:
C:\Users\admin\.gradle\wrapper\dists\gradle-8.14-all\c2qonpi39x1mddn7hk5gh9iqj\gradle-8.14\lib\agents\gradle-instrumentation-agent-8.14.jar path:C:\Users\admin\.vscode\extensions\redhat.java-1.54.0-win32-x64\jre\21.0.10-win32-x86_64\bin\instrument.dll, loaded, initialized, instrumentlib options:none

dbghelp: loaded successfully - version: 4.0.5 - missing functions: none
symbol engine: initialized successfully - sym options: 0x614 - pdb path: .;C:\Users\admin\.vscode\extensions\redhat.java-1.54.0-win32-x64\jre\21.0.10-win32-x86_64\bin;C:\Windows\SYSTEM32;C:\Windows\WinSxS\amd64_microsoft.windows.common-controls_6595b64144ccf1df_6.0.18362.1556_none_9e7e372fe45e41d5;C:\Users\admin\.vscode\extensions\redhat.java-1.54.0-win32-x64\jre\21.0.10-win32-x86_64\bin\server;C:\Users\admin\.gradle\native\1def1411415f61bf3af743bc5b6707747c0891f09f0c88961ee8f79bc544acac\windows-amd64;C:\Users\admin\.gradle\native\0.2.7\x86_64-windows-gnu

VM Arguments:
jvm_args: --add-opens=java.base/java.lang=ALL-UNNAMED --add-opens=java.base/java.lang.invoke=ALL-UNNAMED --add-opens=java.base/java.util=ALL-UNNAMED --add-opens=java.prefs/java.util.prefs=ALL-UNNAMED --add-exports=jdk.compiler/com.sun.tools.javac.api=ALL-UNNAMED --add-exports=jdk.compiler/com.sun.tools.javac.util=ALL-UNNAMED --add-opens=java.base/java.util=ALL-UNNAMED --add-opens=java.prefs/java.util.prefs=ALL-UNNAMED --add-opens=java.base/java.nio.charset=ALL-UNNAMED --add-opens=java.base/java.net=ALL-UNNAMED --add-opens=java.base/java.util.concurrent.atomic=ALL-UNNAMED --add-opens=java.xml/javax.xml.namespace=ALL-UNNAMED -XX:MaxMetaspaceSize=512m -XX:+HeapDumpOnOutOfMemoryError -Xmx2048m -Dfile.encoding=UTF-8 -Duser.country=US -Duser.language=en -Duser.variant -javaagent:C:\Users\admin\.gradle\wrapper\dists\gradle-8.14-all\c2qonpi39x1mddn7hk5gh9iqj\gradle-8.14\lib\agents\gradle-instrumentation-agent-8.14.jar 
java_command: org.gradle.launcher.daemon.bootstrap.GradleDaemon 8.14
java_class_path (initial): C:\Users\admin\.gradle\wrapper\dists\gradle-8.14-all\c2qonpi39x1mddn7hk5gh9iqj\gradle-8.14\lib\gradle-daemon-main-8.14.jar
Launcher Type: SUN_STANDARD

[Global flags]
     intx CICompilerCount                          = 3                                         {product} {ergonomic}
   size_t CompressedClassSpaceSize                 = 436207616                                 {product} {ergonomic}
     uint ConcGCThreads                            = 1                                         {product} {ergonomic}
     uint G1ConcRefinementThreads                  = 4                                         {product} {ergonomic}
   size_t G1HeapRegionSize                         = 1048576                                   {product} {ergonomic}
    uintx GCDrainStackTargetSize                   = 64                                        {product} {ergonomic}
     bool HeapDumpOnOutOfMemoryError               = true                                   {manageable} {command line}
   size_t InitialHeapSize                          = 134217728                                 {product} {ergonomic}
   size_t MarkStackSize                            = 4194304                                   {product} {ergonomic}
   size_t MaxHeapSize                              = 2147483648                                {product} {command line}
   size_t MaxMetaspaceSize                         = 536870912                                 {product} {command line}
   size_t MaxNewSize                               = 1287651328                                {product} {ergonomic}
   size_t MinHeapDeltaBytes                        = 1048576                                   {product} {ergonomic}
   size_t MinHeapSize                              = 8388608                                   {product} {ergonomic}
    uintx NonNMethodCodeHeapSize                   = 5832780                                {pd product} {ergonomic}
    uintx NonProfiledCodeHeapSize                  = 122912730                              {pd product} {ergonomic}
    uintx ProfiledCodeHeapSize                     = 122912730                              {pd product} {ergonomic}
    uintx ReservedCodeCacheSize                    = 251658240                              {pd product} {ergonomic}
     bool SegmentedCodeCache                       = true                                      {product} {ergonomic}
   size_t SoftMaxHeapSize                          = 2147483648                             {manageable} {ergonomic}
     bool UseCompressedOops                        = true                           {product lp64_product} {ergonomic}
     bool UseG1GC                                  = true                                      {product} {ergonomic}
     bool UseLargePagesIndividualAllocation        = false                                  {pd product} {ergonomic}

Logging:
Log output configuration:
 #0: stdout all=warning uptime,level,tags foldmultilines=false
 #1: stderr all=off uptime,level,tags foldmultilines=false

Release file:
JAVA_VERSION="21.0.10" 
MODULES="java.base java.compiler java.datatransfer java.xml java.prefs java.desktop java.instrument java.logging java.management java.security.sasl java.naming java.rmi java.management.rmi java.net.http java.scripting java.security.jgss java.transaction.xa java.sql java.sql.rowset java.xml.crypto java.se java.smartcardio jdk.accessibility jdk.internal.jvmstat jdk.attach jdk.charsets jdk.internal.opt jdk.zipfs jdk.compiler jdk.crypto.ec jdk.crypto.cryptoki jdk.crypto.mscapi jdk.dynalink jdk.internal.ed jdk.editpad jdk.hotspot.agent jdk.httpserver jdk.internal.le jdk.internal.vm.ci jdk.internal.vm.compiler jdk.internal.vm.compiler.management jdk.jartool jdk.javadoc jdk.jcmd jdk.management jdk.management.agent jdk.jconsole jdk.jdeps jdk.jdwp.agent jdk.jdi jdk.jfr jdk.jshell jdk.jsobject jdk.jstatd jdk.localedata jdk.management.jfr jdk.naming.dns jdk.naming.rmi jdk.net jdk.nio.mapmode jdk.random jdk.sctp jdk.security.auth jdk.security.jgss jdk.unsupported jdk.unsupported.desktop jdk.xml.dom" 

Environment Variables:
JAVA_HOME=C:\Program Files\Java\jdk-17
PATH=C:\Python314\Scripts\;C:\Python314\;C:\Windows\system32;C:\Windows;C:\Windows\System32\Wbem;C:\Windows\System32\WindowsPowerShell\v1.0\;C:\Windows\System32\OpenSSH\;C:\Program Files (x86)\Microsoft SQL Server\170\Tools\Binn\;C:\Program Files\Microsoft SQL Server\170\Tools\Binn\;C:\Program Files\Microsoft SQL Server\Client SDK\ODBC\180\Tools\Binn\;C:\Program Files\Microsoft SQL Server\170\DTS\Binn\;C:\Program Files\nodejs\;C:\ProgramData\chocolatey\bin;C:\Program Files\dotnet\;C:\Program Files\MySQL\MySQL Server 9.6\bin;C:\Program Files\Git\cmd;C:\Program Files\Java\jdk-17\bin;C:\Program Files\Common Files\Oracle\Java\javapath;C:\Program Files\Java\jdk-17\bin;C:\Users\admin\Downloads\Release-26.02.0-0\poppler-26.02.0\Library\bin;C:\Users\admin\AppData\Local\Microsoft\WindowsApps;d:\Users\admin\AppData\Local\Programs\Microsoft VS Code\bin;C:\Users\admin\AppData\Roaming\npm;C:\Users\admin\.dotnet\tools;C:\flutter\bin;C:\Users\admin\AppData\Local\Programs\Antigravity\bin
USERNAME=admin
OS=Windows_NT
PROCESSOR_IDENTIFIER=Intel64 Family 6 Model 58 Stepping 9, GenuineIntel
TMP=C:\Users\admin\AppData\Local\Temp
TEMP=C:\Users\admin\AppData\Local\Temp




Periodic native trim disabled

---------------  S Y S T E M  ---------------

OS:
 Windows 10 , 64 bit Build 18362 (10.0.18362.1500)
OS uptime: 0 days 0:10 hours

CPU: total 4 (initial active 4) (4 cores per cpu, 1 threads per core) family 6 model 58 stepping 9 microcode 0x20, cx8, cmov, fxsr, mmx, sse, sse2, sse3, ssse3, sse4.1, sse4.2, popcnt, tsc, tscinvbit, avx, aes, erms, clmul, vzeroupper, clflush, rdtscp, f16c
Processor Information for the first 4 processors :
  Max Mhz: 2901, Current Mhz: 2901, Mhz Limit: 2901

Memory: 4k page, system-wide physical 8079M (441M free)
TotalPageFile size 9627M (AvailPageFile size 2M)
current process WorkingSet (physical memory assigned to process): 611M, peak: 611M
current process commit charge ("private bytes"): 641M, peak: 641M

vm_info: OpenJDK 64-Bit Server VM (21.0.10+7-LTS) for windows-amd64 JRE (21.0.10+7-LTS), built on 2026-01-20T00:00:00Z by "admin" with MS VC++ 17.12 (VS2022)

END.
