#
# There is insufficient memory for the Java Runtime Environment to continue.
# Native memory allocation (malloc) failed to allocate 1982416 bytes for Chunk::new
# Possible reasons:
#   The system is out of physical RAM or swap space
#   The process is running with CompressedOops enabled, and the Java Heap may be blocking the growth of the native heap
# Possible solutions:
#   Reduce memory load on the system
#   Increase physical memory or swap space
#   Check if swap backing store is full
#   Decrease Java heap size (-Xmx/-Xms)
#   Decrease number of Java threads
#   Decrease Java thread stack sizes (-Xss)
#   Set larger code cache with -XX:ReservedCodeCacheSize=
#   JVM is running with Unscaled Compressed Oops mode in which the Java heap is
#     placed in the first 4GB address space. The Java Heap base address is the
#     maximum limit for the native heap growth. Please use -XX:HeapBaseMinAddress
#     to set the Java Heap base and to place the Java Heap above 4GB virtual address.
# This output file may be truncated or incomplete.
#
#  Out of Memory Error (arena.cpp:189), pid=10912, tid=5116
#
# JRE version: Java(TM) SE Runtime Environment (17.0.12+8) (build 17.0.12+8-LTS-286)
# Java VM: Java HotSpot(TM) 64-Bit Server VM (17.0.12+8-LTS-286, mixed mode, sharing, tiered, compressed oops, compressed class ptrs, g1 gc, windows-amd64)
# No core dump will be written. Minidumps are not enabled by default on client versions of Windows
#

---------------  S U M M A R Y ------------

Command Line: --add-opens=java.base/java.lang=ALL-UNNAMED --add-opens=java.base/java.lang.invoke=ALL-UNNAMED --add-opens=java.base/java.util=ALL-UNNAMED --add-opens=java.prefs/java.util.prefs=ALL-UNNAMED --add-exports=jdk.compiler/com.sun.tools.javac.api=ALL-UNNAMED --add-exports=jdk.compiler/com.sun.tools.javac.util=ALL-UNNAMED --add-opens=java.base/java.util=ALL-UNNAMED --add-opens=java.prefs/java.util.prefs=ALL-UNNAMED --add-opens=java.base/java.nio.charset=ALL-UNNAMED --add-opens=java.base/java.net=ALL-UNNAMED --add-opens=java.base/java.util.concurrent.atomic=ALL-UNNAMED --add-opens=java.xml/javax.xml.namespace=ALL-UNNAMED -XX:MaxMetaspaceSize=512m -XX:+HeapDumpOnOutOfMemoryError -Xmx2048m -Dfile.encoding=UTF-8 -Duser.country=US -Duser.language=en -Duser.variant -javaagent:C:\Users\admin\.gradle\wrapper\dists\gradle-8.14-all\c2qonpi39x1mddn7hk5gh9iqj\gradle-8.14\lib\agents\gradle-instrumentation-agent-8.14.jar org.gradle.launcher.daemon.bootstrap.GradleDaemon 8.14

Host: Intel(R) Core(TM) i5-3470S CPU @ 2.90GHz, 4 cores, 7G,  Windows 10 , 64 bit Build 18362 (10.0.18362.1500)
Time: Sat May 30 19:08:09 2026 India Standard Time elapsed time: 89.873541 seconds (0d 0h 1m 29s)

---------------  T H R E A D  ---------------

Current thread (0x0000026dfa4ecf40):  JavaThread "C2 CompilerThread1" daemon [_thread_in_native, id=5116, stack(0x000000d16d700000,0x000000d16d800000)]


Current CompileTask:
C2:  89874 17687       4       java.lang.Class::annotationData (44 bytes)

Stack: [0x000000d16d700000,0x000000d16d800000]
Native frames: (J=compiled Java code, j=interpreted, Vv=VM code, C=native code)
V  [jvm.dll+0x67a04a]
V  [jvm.dll+0x7da4ed]
V  [jvm.dll+0x7dbe33]
V  [jvm.dll+0x7dc4a3]
V  [jvm.dll+0x24508f]
V  [jvm.dll+0xab773]
V  [jvm.dll+0xabd3c]
V  [jvm.dll+0x361b9f]
V  [jvm.dll+0x32c431]
V  [jvm.dll+0x32b8ca]
V  [jvm.dll+0x21683f]
V  [jvm.dll+0x215c6f]
V  [jvm.dll+0x1a2960]
V  [jvm.dll+0x22610b]
V  [jvm.dll+0x2242ab]
V  [jvm.dll+0x79075c]
V  [jvm.dll+0x78abea]
V  [jvm.dll+0x678f35]
C  [ucrtbase.dll+0x210b2]
C  [KERNEL32.DLL+0x17c24]
C  [ntdll.dll+0x6d721]


---------------  P R O C E S S  ---------------

Threads class SMR info:
_java_thread_list=0x0000026dfa013b30, length=61, elements={
0x0000026dcd97ba20, 0x0000026deb2c8960, 0x0000026deb2cbea0, 0x0000026deb2da850,
0x0000026deb2dc290, 0x0000026deb2de310, 0x0000026deb2df790, 0x0000026deb2e23a0,
0x0000026deb2e3500, 0x0000026deb3020b0, 0x0000026deb2b3ac0, 0x0000026deb629080,
0x0000026df04811c0, 0x0000026df1618f10, 0x0000026df1976070, 0x0000026df0dfcf20,
0x0000026df0bab7e0, 0x0000026df1a2a090, 0x0000026df1a2a5a0, 0x0000026df1a2b4d0,
0x0000026df1a29b80, 0x0000026df1a2aab0, 0x0000026df1a2afc0, 0x0000026df1a28740,
0x0000026df1a27d20, 0x0000026df1a29160, 0x0000026df1a29670, 0x0000026deb662a80,
0x0000026deb661b50, 0x0000026deb662060, 0x0000026deb6639b0, 0x0000026deb662f90,
0x0000026deb65e3a0, 0x0000026deb662570, 0x0000026deb65cf60, 0x0000026deb663ec0,
0x0000026deb65ca50, 0x0000026deb65f2d0, 0x0000026deb65de90, 0x0000026deb65fcf0,
0x0000026deb65d470, 0x0000026deb660200, 0x0000026deb660710, 0x0000026df259bdf0,
0x0000026df259c810, 0x0000026df2599570, 0x0000026df259aec0, 0x0000026df259c300,
0x0000026df2599a80, 0x0000026df2599f90, 0x0000026df259a9b0, 0x0000026df2599060,
0x0000026df259b3d0, 0x0000026df0cc0b80, 0x0000026df0cbf230, 0x0000026df0cc3400,
0x0000026df0cbe810, 0x0000026df0cc4840, 0x0000026df0cbfc50, 0x0000026df0cc5260,
0x0000026dfa4ecf40
}

Java Threads: ( => current thread )
  0x0000026dcd97ba20 JavaThread "main" [_thread_blocked, id=12200, stack(0x000000d16d800000,0x000000d16d900000)]
  0x0000026deb2c8960 JavaThread "Reference Handler" daemon [_thread_blocked, id=32, stack(0x000000d16df00000,0x000000d16e000000)]
  0x0000026deb2cbea0 JavaThread "Finalizer" daemon [_thread_blocked, id=9172, stack(0x000000d16e000000,0x000000d16e100000)]
  0x0000026deb2da850 JavaThread "Signal Dispatcher" daemon [_thread_blocked, id=10636, stack(0x000000d16e100000,0x000000d16e200000)]
  0x0000026deb2dc290 JavaThread "Attach Listener" daemon [_thread_blocked, id=10004, stack(0x000000d16e200000,0x000000d16e300000)]
  0x0000026deb2de310 JavaThread "Service Thread" daemon [_thread_blocked, id=11136, stack(0x000000d16e300000,0x000000d16e400000)]
  0x0000026deb2df790 JavaThread "Monitor Deflation Thread" daemon [_thread_blocked, id=2556, stack(0x000000d16e400000,0x000000d16e500000)]
  0x0000026deb2e23a0 JavaThread "C2 CompilerThread0" daemon [_thread_in_native, id=8328, stack(0x000000d16e500000,0x000000d16e600000)]
  0x0000026deb2e3500 JavaThread "C1 CompilerThread0" daemon [_thread_blocked, id=11712, stack(0x000000d16e600000,0x000000d16e700000)]
  0x0000026deb3020b0 JavaThread "Sweeper thread" daemon [_thread_blocked, id=4312, stack(0x000000d16e700000,0x000000d16e800000)]
  0x0000026deb2b3ac0 JavaThread "Common-Cleaner" daemon [_thread_blocked, id=1748, stack(0x000000d16e800000,0x000000d16e900000)]
  0x0000026deb629080 JavaThread "Notification Thread" daemon [_thread_blocked, id=6620, stack(0x000000d16e900000,0x000000d16ea00000)]
  0x0000026df04811c0 JavaThread "Daemon health stats" [_thread_blocked, id=11792, stack(0x000000d16ed00000,0x000000d16ee00000)]
  0x0000026df1618f10 JavaThread "Incoming local TCP Connector on port 52642" [_thread_in_native, id=10480, stack(0x000000d16f000000,0x000000d16f100000)]
  0x0000026df1976070 JavaThread "Daemon periodic checks" [_thread_blocked, id=9524, stack(0x000000d16f100000,0x000000d16f200000)]
  0x0000026df0dfcf20 JavaThread "Daemon" [_thread_blocked, id=11032, stack(0x000000d16f200000,0x000000d16f300000)]
  0x0000026df0bab7e0 JavaThread "Handler for socket connection from /127.0.0.1:52642 to /127.0.0.1:52644" [_thread_in_native, id=11084, stack(0x000000d16f300000,0x000000d16f400000)]
  0x0000026df1a2a090 JavaThread "Cancel handler" [_thread_blocked, id=10664, stack(0x000000d16f400000,0x000000d16f500000)]
  0x0000026df1a2a5a0 JavaThread "Daemon worker" [_thread_in_vm, id=11732, stack(0x000000d16f500000,0x000000d16f600000)]
  0x0000026df1a2b4d0 JavaThread "Asynchronous log dispatcher for DefaultDaemonConnection: socket connection from /127.0.0.1:52642 to /127.0.0.1:52644" [_thread_blocked, id=11976, stack(0x000000d16f600000,0x000000d16f700000)]
  0x0000026df1a29b80 JavaThread "Stdin handler" [_thread_blocked, id=12180, stack(0x000000d16f700000,0x000000d16f800000)]
  0x0000026df1a2aab0 JavaThread "Daemon client event forwarder" [_thread_blocked, id=11068, stack(0x000000d16f800000,0x000000d16f900000)]
  0x0000026df1a2afc0 JavaThread "Cache worker for journal cache (C:\Users\admin\.gradle\caches\journal-1)" [_thread_blocked, id=10368, stack(0x000000d16f900000,0x000000d16fa00000)]
  0x0000026df1a28740 JavaThread "File lock request listener" [_thread_in_native, id=11636, stack(0x000000d16fa00000,0x000000d16fb00000)]
  0x0000026df1a27d20 JavaThread "Cache worker for file hash cache (C:\Users\admin\.gradle\caches\8.14\fileHashes)" [_thread_blocked, id=9940, stack(0x000000d16fb00000,0x000000d16fc00000)]
  0x0000026df1a29160 JavaThread "Cache worker for file hash cache (C:\Users\admin\Desktop\Bigiluu-DMK\dmk_project\android\.gradle\8.14\fileHashes)" [_thread_blocked, id=8320, stack(0x000000d16fc00000,0x000000d16fd00000)]
  0x0000026df1a29670 JavaThread "Cache worker for Build Output Cleanup Cache (C:\Users\admin\Desktop\Bigiluu-DMK\dmk_project\android\.gradle\buildOutputCleanup)" [_thread_blocked, id=11436, stack(0x000000d16fd00000,0x000000d16fe00000)]
  0x0000026deb662a80 JavaThread "File watcher server" daemon [_thread_in_native, id=11664, stack(0x000000d16fe00000,0x000000d16ff00000)]
  0x0000026deb661b50 JavaThread "File watcher consumer" daemon [_thread_blocked, id=10984, stack(0x000000d16ff00000,0x000000d170000000)]
  0x0000026deb662060 JavaThread "jar transforms" [_thread_blocked, id=9084, stack(0x000000d170000000,0x000000d170100000)]
  0x0000026deb6639b0 JavaThread "jar transforms Thread 2" [_thread_blocked, id=10960, stack(0x000000d170100000,0x000000d170200000)]
  0x0000026deb662f90 JavaThread "jar transforms Thread 3" [_thread_blocked, id=11924, stack(0x000000d170200000,0x000000d170300000)]
  0x0000026deb65e3a0 JavaThread "jar transforms Thread 4" [_thread_blocked, id=11764, stack(0x000000d170300000,0x000000d170400000)]
  0x0000026deb662570 JavaThread "Cache worker for checksums cache (C:\Users\admin\Desktop\Bigiluu-DMK\dmk_project\android\.gradle\8.14\checksums)" [_thread_blocked, id=3488, stack(0x000000d170500000,0x000000d170600000)]
  0x0000026deb65cf60 JavaThread "Cache worker for file content cache (C:\Users\admin\.gradle\caches\8.14\fileContent)" [_thread_blocked, id=10860, stack(0x000000d170600000,0x000000d170700000)]
  0x0000026deb663ec0 JavaThread "Cache worker for cache directory md-supplier (C:\Users\admin\.gradle\caches\8.14\md-supplier)" [_thread_blocked, id=11648, stack(0x000000d170700000,0x000000d170800000)]
  0x0000026deb65ca50 JavaThread "Cache worker for cache directory md-rule (C:\Users\admin\.gradle\caches\8.14\md-rule)" [_thread_blocked, id=11060, stack(0x000000d170800000,0x000000d170900000)]
  0x0000026deb65f2d0 JavaThread "Cache worker for Build Output Cleanup Cache (C:\flutter\packages\flutter_tools\gradle\.gradle\buildOutputCleanup)" [_thread_blocked, id=3972, stack(0x000000d170900000,0x000000d170a00000)]
  0x0000026deb65de90 JavaThread "Unconstrained build operations" [_thread_blocked, id=11456, stack(0x000000d170400000,0x000000d170500000)]
  0x0000026deb65fcf0 JavaThread "Unconstrained build operations Thread 2" [_thread_blocked, id=8200, stack(0x000000d170a00000,0x000000d170b00000)]
  0x0000026deb65d470 JavaThread "Unconstrained build operations Thread 3" [_thread_blocked, id=11040, stack(0x000000d170b00000,0x000000d170c00000)]
  0x0000026deb660200 JavaThread "Memory manager" [_thread_blocked, id=9512, stack(0x000000d170c00000,0x000000d170d00000)]
  0x0000026deb660710 JavaThread "build event listener" [_thread_blocked, id=11760, stack(0x000000d170d00000,0x000000d170e00000)]
  0x0000026df259bdf0 JavaThread "included builds" [_thread_blocked, id=5372, stack(0x000000d170e00000,0x000000d170f00000)]
  0x0000026df259c810 JavaThread "Execution worker" [_thread_blocked, id=4860, stack(0x000000d170f00000,0x000000d171000000)]
  0x0000026df2599570 JavaThread "Cache worker for execution history cache (C:\flutter\packages\flutter_tools\gradle\.gradle\8.14\executionHistory)" [_thread_blocked, id=11260, stack(0x000000d171000000,0x000000d171100000)]
  0x0000026df259aec0 JavaThread "Unconstrained build operations Thread 4" [_thread_blocked, id=9620, stack(0x000000d171100000,0x000000d171200000)]
  0x0000026df259c300 JavaThread "Unconstrained build operations Thread 5" [_thread_blocked, id=11228, stack(0x000000d171200000,0x000000d171300000)]
  0x0000026df2599a80 JavaThread "Unconstrained build operations Thread 6" [_thread_blocked, id=12264, stack(0x000000d171300000,0x000000d171400000)]
  0x0000026df2599f90 JavaThread "Unconstrained build operations Thread 7" [_thread_blocked, id=4524, stack(0x000000d171400000,0x000000d171500000)]
  0x0000026df259a9b0 JavaThread "WorkerExecutor Queue" [_thread_blocked, id=11488, stack(0x000000d171500000,0x000000d171600000)]
  0x0000026df2599060 JavaThread "RMI Scheduler(0)" daemon [_thread_blocked, id=8012, stack(0x000000d171600000,0x000000d171700000)]
  0x0000026df259b3d0 JavaThread "RMI GC Daemon" daemon [_thread_blocked, id=5228, stack(0x000000d171800000,0x000000d171900000)]
  0x0000026df0cc0b80 JavaThread "RMI TCP Accept-0" daemon [_thread_in_native, id=4964, stack(0x000000d171900000,0x000000d171a00000)]
  0x0000026df0cbf230 JavaThread "RMI Reaper" [_thread_blocked, id=10132, stack(0x000000d171a00000,0x000000d171b00000)]
  0x0000026df0cc3400 JavaThread "RMI TCP Connection(2)-127.0.0.1" daemon [_thread_in_native, id=10224, stack(0x000000d171b00000,0x000000d171c00000)]
  0x0000026df0cbe810 JavaThread "Unconstrained build operations Thread 8" [_thread_blocked, id=9260, stack(0x000000d16d600000,0x000000d16d700000)]
  0x0000026df0cc4840 JavaThread "Unconstrained build operations Thread 9" [_thread_blocked, id=11536, stack(0x000000d16d500000,0x000000d16d600000)]
  0x0000026df0cbfc50 JavaThread "Unconstrained build operations Thread 10" [_thread_blocked, id=12104, stack(0x000000d171e00000,0x000000d171f00000)]
  0x0000026df0cc5260 JavaThread "build event listener" [_thread_blocked, id=9396, stack(0x000000d171f00000,0x000000d172000000)]
=>0x0000026dfa4ecf40 JavaThread "C2 CompilerThread1" daemon [_thread_in_native, id=5116, stack(0x000000d16d700000,0x000000d16d800000)]

Other Threads:
  0x0000026deb2c46b0 VMThread "VM Thread" [stack: 0x000000d16de00000,0x000000d16df00000] [id=11748]
  0x0000026deb62e1b0 WatcherThread [stack: 0x000000d16ea00000,0x000000d16eb00000] [id=2968]
  0x0000026dcd9d5bc0 GCTaskThread "GC Thread#0" [stack: 0x000000d16d900000,0x000000d16da00000] [id=12108]
  0x0000026df01d9b00 GCTaskThread "GC Thread#1" [stack: 0x000000d16eb00000,0x000000d16ec00000] [id=1760]
  0x0000026deb863540 GCTaskThread "GC Thread#2" [stack: 0x000000d16ec00000,0x000000d16ed00000] [id=12144]
  0x0000026deb720350 GCTaskThread "GC Thread#3" [stack: 0x000000d16ee00000,0x000000d16ef00000] [id=7200]
  0x0000026dcd9e6a20 ConcurrentGCThread "G1 Main Marker" [stack: 0x000000d16da00000,0x000000d16db00000] [id=11420]
  0x0000026dcd9e7ae0 ConcurrentGCThread "G1 Conc#0" [stack: 0x000000d16db00000,0x000000d16dc00000] [id=5912]
  0x0000026dcda3d8c0 ConcurrentGCThread "G1 Refine#0" [stack: 0x000000d16dc00000,0x000000d16dd00000] [id=8016]
  0x0000026df0a36b90 ConcurrentGCThread "G1 Refine#1" [stack: 0x000000d16ef00000,0x000000d16f000000] [id=12136]
  0x0000026dcda3e200 ConcurrentGCThread "G1 Service" [stack: 0x000000d16dd00000,0x000000d16de00000] [id=10996]

Threads with active compile tasks:
C2 CompilerThread0    89918 17716       4       org.objectweb.asm.AnnotationWriter::visit (935 bytes)
C2 CompilerThread1    89918 17687       4       java.lang.Class::annotationData (44 bytes)

VM state: not at safepoint (normal execution)

VM Mutex/Monitor currently owned by a thread: None

Heap address: 0x0000000080000000, size: 2048 MB, Compressed Oops mode: 32-bit

CDS archive(s) mapped at: [0x0000026d80000000-0x0000026d80bd0000-0x0000026d80bd0000), size 12386304, SharedBaseAddress: 0x0000026d80000000, ArchiveRelocationMode: 1.
Compressed class space mapped at: 0x0000026d81000000-0x0000026d9b000000, reserved size: 436207616
Narrow klass base: 0x0000026d80000000, Narrow klass shift: 0, Narrow klass range: 0x100000000

GC Precious Log:
 CPUs: 4 total, 4 available
 Memory: 8079M
 Large Page Support: Disabled
 NUMA Support: Disabled
 Compressed Oops: Enabled (32-bit)
 Heap Region Size: 1M
 Heap Min Capacity: 8M
 Heap Initial Capacity: 128M
 Heap Max Capacity: 2G
 Pre-touch: Disabled
 Parallel Workers: 4
 Concurrent Workers: 1
 Concurrent Refinement Workers: 4
 Periodic GC: Disabled

Heap:
 garbage-first heap   total 468992K, used 333337K [0x0000000080000000, 0x0000000100000000)
  region size 1024K, 167 young (171008K), 25 survivors (25600K)
 Metaspace       used 155759K, committed 156928K, reserved 622592K
  class space    used 20247K, committed 20800K, reserved 425984K

Heap Regions: E=young(eden), S=young(survivor), O=old, HS=humongous(starts), HC=humongous(continues), CS=collection set, F=free, OA=open archive, CA=closed archive, TAMS=top-at-mark-start (previous, next)
|   0|0x0000000080000000, 0x0000000080100000, 0x0000000080100000|100%|HS|  |TAMS 0x0000000080100000, 0x0000000080000000| Complete 
|   1|0x0000000080100000, 0x0000000080200000, 0x0000000080200000|100%|HC|  |TAMS 0x0000000080200000, 0x0000000080100000| Complete 
|   2|0x0000000080200000, 0x0000000080300000, 0x0000000080300000|100%|HC|  |TAMS 0x0000000080300000, 0x0000000080200000| Complete 
|   3|0x0000000080300000, 0x0000000080400000, 0x0000000080400000|100%| O|  |TAMS 0x0000000080400000, 0x0000000080300000| Untracked 
|   4|0x0000000080400000, 0x0000000080500000, 0x0000000080500000|100%| O|  |TAMS 0x0000000080500000, 0x0000000080400000| Untracked 
|   5|0x0000000080500000, 0x0000000080600000, 0x0000000080600000|100%| O|  |TAMS 0x0000000080600000, 0x0000000080500000| Untracked 
|   6|0x0000000080600000, 0x0000000080700000, 0x0000000080700000|100%| O|  |TAMS 0x0000000080700000, 0x0000000080600000| Untracked 
|   7|0x0000000080700000, 0x0000000080800000, 0x0000000080800000|100%|HS|  |TAMS 0x0000000080800000, 0x0000000080700000| Complete 
|   8|0x0000000080800000, 0x0000000080900000, 0x0000000080900000|100%| O|  |TAMS 0x0000000080900000, 0x0000000080800000| Untracked 
|   9|0x0000000080900000, 0x0000000080a00000, 0x0000000080a00000|100%| O|  |TAMS 0x0000000080a00000, 0x0000000080900000| Untracked 
|  10|0x0000000080a00000, 0x0000000080b00000, 0x0000000080b00000|100%| O|  |TAMS 0x0000000080b00000, 0x0000000080a00000| Untracked 
|  11|0x0000000080b00000, 0x0000000080c00000, 0x0000000080c00000|100%| O|  |TAMS 0x0000000080c00000, 0x0000000080b00000| Untracked 
|  12|0x0000000080c00000, 0x0000000080d00000, 0x0000000080d00000|100%| O|  |TAMS 0x0000000080d00000, 0x0000000080c00000| Untracked 
|  13|0x0000000080d00000, 0x0000000080e00000, 0x0000000080e00000|100%| O|  |TAMS 0x0000000080e00000, 0x0000000080d00000| Untracked 
|  14|0x0000000080e00000, 0x0000000080f00000, 0x0000000080f00000|100%| O|  |TAMS 0x0000000080f00000, 0x0000000080e00000| Untracked 
|  15|0x0000000080f00000, 0x0000000081000000, 0x0000000081000000|100%| O|  |TAMS 0x0000000081000000, 0x0000000080f00000| Untracked 
|  16|0x0000000081000000, 0x0000000081100000, 0x0000000081100000|100%| O|  |TAMS 0x0000000081100000, 0x0000000081000000| Untracked 
|  17|0x0000000081100000, 0x0000000081200000, 0x0000000081200000|100%| O|  |TAMS 0x0000000081200000, 0x0000000081100000| Untracked 
|  18|0x0000000081200000, 0x0000000081300000, 0x0000000081300000|100%| O|  |TAMS 0x0000000081300000, 0x0000000081200000| Untracked 
|  19|0x0000000081300000, 0x0000000081400000, 0x0000000081400000|100%| O|  |TAMS 0x0000000081400000, 0x0000000081300000| Untracked 
|  20|0x0000000081400000, 0x0000000081500000, 0x0000000081500000|100%| O|  |TAMS 0x0000000081500000, 0x0000000081400000| Untracked 
|  21|0x0000000081500000, 0x0000000081600000, 0x0000000081600000|100%| O|  |TAMS 0x0000000081600000, 0x0000000081500000| Untracked 
|  22|0x0000000081600000, 0x0000000081700000, 0x0000000081700000|100%| O|  |TAMS 0x0000000081700000, 0x0000000081600000| Untracked 
|  23|0x0000000081700000, 0x0000000081800000, 0x0000000081800000|100%| O|  |TAMS 0x0000000081800000, 0x0000000081700000| Untracked 
|  24|0x0000000081800000, 0x0000000081900000, 0x0000000081900000|100%| O|  |TAMS 0x0000000081900000, 0x0000000081800000| Untracked 
|  25|0x0000000081900000, 0x0000000081a00000, 0x0000000081a00000|100%| O|  |TAMS 0x0000000081a00000, 0x0000000081900000| Untracked 
|  26|0x0000000081a00000, 0x0000000081b00000, 0x0000000081b00000|100%| O|  |TAMS 0x0000000081b00000, 0x0000000081a00000| Untracked 
|  27|0x0000000081b00000, 0x0000000081c00000, 0x0000000081c00000|100%| O|  |TAMS 0x0000000081c00000, 0x0000000081b00000| Untracked 
|  28|0x0000000081c00000, 0x0000000081d00000, 0x0000000081d00000|100%| O|  |TAMS 0x0000000081d00000, 0x0000000081c00000| Untracked 
|  29|0x0000000081d00000, 0x0000000081e00000, 0x0000000081e00000|100%| O|  |TAMS 0x0000000081e00000, 0x0000000081d00000| Untracked 
|  30|0x0000000081e00000, 0x0000000081f00000, 0x0000000081f00000|100%| O|  |TAMS 0x0000000081f00000, 0x0000000081e00000| Untracked 
|  31|0x0000000081f00000, 0x0000000082000000, 0x0000000082000000|100%| O|  |TAMS 0x0000000082000000, 0x0000000081f00000| Untracked 
|  32|0x0000000082000000, 0x0000000082100000, 0x0000000082100000|100%| O|  |TAMS 0x0000000082100000, 0x0000000082000000| Untracked 
|  33|0x0000000082100000, 0x0000000082200000, 0x0000000082200000|100%| O|  |TAMS 0x0000000082200000, 0x0000000082100000| Untracked 
|  34|0x0000000082200000, 0x0000000082300000, 0x0000000082300000|100%| O|  |TAMS 0x0000000082300000, 0x0000000082200000| Untracked 
|  35|0x0000000082300000, 0x0000000082400000, 0x0000000082400000|100%| O|  |TAMS 0x0000000082400000, 0x0000000082300000| Untracked 
|  36|0x0000000082400000, 0x0000000082500000, 0x0000000082500000|100%| O|  |TAMS 0x0000000082500000, 0x0000000082400000| Untracked 
|  37|0x0000000082500000, 0x0000000082600000, 0x0000000082600000|100%| O|  |TAMS 0x0000000082600000, 0x0000000082500000| Untracked 
|  38|0x0000000082600000, 0x0000000082700000, 0x0000000082700000|100%| O|  |TAMS 0x0000000082700000, 0x0000000082600000| Untracked 
|  39|0x0000000082700000, 0x0000000082800000, 0x0000000082800000|100%| O|  |TAMS 0x0000000082800000, 0x0000000082700000| Untracked 
|  40|0x0000000082800000, 0x0000000082900000, 0x0000000082900000|100%| O|  |TAMS 0x0000000082900000, 0x0000000082800000| Untracked 
|  41|0x0000000082900000, 0x0000000082a00000, 0x0000000082a00000|100%| O|  |TAMS 0x0000000082a00000, 0x0000000082900000| Untracked 
|  42|0x0000000082a00000, 0x0000000082b00000, 0x0000000082b00000|100%| O|  |TAMS 0x0000000082b00000, 0x0000000082a00000| Untracked 
|  43|0x0000000082b00000, 0x0000000082c00000, 0x0000000082c00000|100%| O|  |TAMS 0x0000000082c00000, 0x0000000082b00000| Untracked 
|  44|0x0000000082c00000, 0x0000000082d00000, 0x0000000082d00000|100%| O|  |TAMS 0x0000000082d00000, 0x0000000082c00000| Untracked 
|  45|0x0000000082d00000, 0x0000000082e00000, 0x0000000082e00000|100%| O|  |TAMS 0x0000000082e00000, 0x0000000082d00000| Untracked 
|  46|0x0000000082e00000, 0x0000000082f00000, 0x0000000082f00000|100%| O|  |TAMS 0x0000000082e00000, 0x0000000082e00000| Untracked 
|  47|0x0000000082f00000, 0x0000000083000000, 0x0000000083000000|100%| O|  |TAMS 0x0000000082f00000, 0x0000000082f00000| Untracked 
|  48|0x0000000083000000, 0x0000000083100000, 0x0000000083100000|100%| O|  |TAMS 0x0000000083000000, 0x0000000083000000| Untracked 
|  49|0x0000000083100000, 0x0000000083200000, 0x0000000083200000|100%| O|  |TAMS 0x0000000083200000, 0x0000000083100000| Untracked 
|  50|0x0000000083200000, 0x0000000083300000, 0x0000000083300000|100%| O|  |TAMS 0x0000000083300000, 0x0000000083200000| Untracked 
|  51|0x0000000083300000, 0x0000000083400000, 0x0000000083400000|100%|HS|  |TAMS 0x0000000083400000, 0x0000000083300000| Complete 
|  52|0x0000000083400000, 0x0000000083500000, 0x0000000083500000|100%|HC|  |TAMS 0x0000000083500000, 0x0000000083400000| Complete 
|  53|0x0000000083500000, 0x0000000083600000, 0x0000000083600000|100%|HS|  |TAMS 0x0000000083600000, 0x0000000083500000| Complete 
|  54|0x0000000083600000, 0x0000000083700000, 0x0000000083700000|100%|HC|  |TAMS 0x0000000083700000, 0x0000000083600000| Complete 
|  55|0x0000000083700000, 0x0000000083800000, 0x0000000083800000|100%|HS|  |TAMS 0x0000000083800000, 0x0000000083700000| Complete 
|  56|0x0000000083800000, 0x0000000083900000, 0x0000000083900000|100%|HC|  |TAMS 0x0000000083900000, 0x0000000083800000| Complete 
|  57|0x0000000083900000, 0x0000000083a00000, 0x0000000083a00000|100%|HC|  |TAMS 0x0000000083a00000, 0x0000000083900000| Complete 
|  58|0x0000000083a00000, 0x0000000083b00000, 0x0000000083b00000|100%| O|  |TAMS 0x0000000083b00000, 0x0000000083a00000| Untracked 
|  59|0x0000000083b00000, 0x0000000083c00000, 0x0000000083c00000|100%| O|  |TAMS 0x0000000083c00000, 0x0000000083b00000| Untracked 
|  60|0x0000000083c00000, 0x0000000083d00000, 0x0000000083d00000|100%|HS|  |TAMS 0x0000000083d00000, 0x0000000083c00000| Complete 
|  61|0x0000000083d00000, 0x0000000083e00000, 0x0000000083e00000|100%|HC|  |TAMS 0x0000000083e00000, 0x0000000083d00000| Complete 
|  62|0x0000000083e00000, 0x0000000083f00000, 0x0000000083f00000|100%|HC|  |TAMS 0x0000000083f00000, 0x0000000083e00000| Complete 
|  63|0x0000000083f00000, 0x0000000084000000, 0x0000000084000000|100%| O|  |TAMS 0x0000000084000000, 0x0000000083f00000| Untracked 
|  64|0x0000000084000000, 0x0000000084100000, 0x0000000084100000|100%| O|  |TAMS 0x0000000084100000, 0x0000000084000000| Untracked 
|  65|0x0000000084100000, 0x0000000084200000, 0x0000000084200000|100%| O|  |TAMS 0x0000000084200000, 0x0000000084100000| Untracked 
|  66|0x0000000084200000, 0x0000000084300000, 0x0000000084300000|100%| O|  |TAMS 0x0000000084300000, 0x0000000084200000| Untracked 
|  67|0x0000000084300000, 0x0000000084400000, 0x0000000084400000|100%| O|  |TAMS 0x0000000084300000, 0x0000000084300000| Untracked 
|  68|0x0000000084400000, 0x0000000084500000, 0x0000000084500000|100%| O|  |TAMS 0x0000000084400000, 0x0000000084400000| Untracked 
|  69|0x0000000084500000, 0x0000000084600000, 0x0000000084600000|100%| O|  |TAMS 0x0000000084600000, 0x0000000084500000| Untracked 
|  70|0x0000000084600000, 0x0000000084700000, 0x0000000084700000|100%| O|  |TAMS 0x0000000084700000, 0x0000000084600000| Untracked 
|  71|0x0000000084700000, 0x0000000084800000, 0x0000000084800000|100%| O|  |TAMS 0x0000000084800000, 0x0000000084700000| Untracked 
|  72|0x0000000084800000, 0x0000000084900000, 0x0000000084900000|100%| O|  |TAMS 0x0000000084900000, 0x0000000084800000| Untracked 
|  73|0x0000000084900000, 0x0000000084a00000, 0x0000000084a00000|100%| O|  |TAMS 0x0000000084a00000, 0x0000000084900000| Untracked 
|  74|0x0000000084a00000, 0x0000000084b00000, 0x0000000084b00000|100%| O|  |TAMS 0x0000000084b00000, 0x0000000084a00000| Untracked 
|  75|0x0000000084b00000, 0x0000000084c00000, 0x0000000084c00000|100%| O|  |TAMS 0x0000000084c00000, 0x0000000084b00000| Untracked 
|  76|0x0000000084c00000, 0x0000000084d00000, 0x0000000084d00000|100%| O|  |TAMS 0x0000000084c00000, 0x0000000084c00000| Untracked 
|  77|0x0000000084d00000, 0x0000000084e00000, 0x0000000084e00000|100%| O|  |TAMS 0x0000000084d00000, 0x0000000084d00000| Untracked 
|  78|0x0000000084e00000, 0x0000000084f00000, 0x0000000084f00000|100%| O|  |TAMS 0x0000000084e00000, 0x0000000084e00000| Untracked 
|  79|0x0000000084f00000, 0x0000000085000000, 0x0000000085000000|100%| O|  |TAMS 0x0000000085000000, 0x0000000084f00000| Untracked 
|  80|0x0000000085000000, 0x0000000085100000, 0x0000000085100000|100%| O|  |TAMS 0x0000000085100000, 0x0000000085000000| Untracked 
|  81|0x0000000085100000, 0x0000000085200000, 0x0000000085200000|100%| O|  |TAMS 0x0000000085200000, 0x0000000085100000| Untracked 
|  82|0x0000000085200000, 0x0000000085300000, 0x0000000085300000|100%| O|  |TAMS 0x0000000085300000, 0x0000000085200000| Untracked 
|  83|0x0000000085300000, 0x0000000085400000, 0x0000000085400000|100%| O|  |TAMS 0x0000000085400000, 0x0000000085300000| Untracked 
|  84|0x0000000085400000, 0x0000000085500000, 0x0000000085500000|100%| O|  |TAMS 0x0000000085500000, 0x0000000085400000| Untracked 
|  85|0x0000000085500000, 0x0000000085600000, 0x0000000085600000|100%| O|  |TAMS 0x0000000085600000, 0x0000000085500000| Untracked 
|  86|0x0000000085600000, 0x0000000085700000, 0x0000000085700000|100%| O|  |TAMS 0x0000000085700000, 0x0000000085600000| Untracked 
|  87|0x0000000085700000, 0x0000000085800000, 0x0000000085800000|100%| O|  |TAMS 0x0000000085800000, 0x0000000085700000| Untracked 
|  88|0x0000000085800000, 0x0000000085900000, 0x0000000085900000|100%| O|  |TAMS 0x0000000085900000, 0x0000000085800000| Untracked 
|  89|0x0000000085900000, 0x0000000085a00000, 0x0000000085a00000|100%|HS|  |TAMS 0x0000000085a00000, 0x0000000085900000| Complete 
|  90|0x0000000085a00000, 0x0000000085b00000, 0x0000000085b00000|100%|HS|  |TAMS 0x0000000085b00000, 0x0000000085a00000| Complete 
|  91|0x0000000085b00000, 0x0000000085c00000, 0x0000000085c00000|100%|HS|  |TAMS 0x0000000085c00000, 0x0000000085b00000| Complete 
|  92|0x0000000085c00000, 0x0000000085d00000, 0x0000000085d00000|100%|HC|  |TAMS 0x0000000085d00000, 0x0000000085c00000| Complete 
|  93|0x0000000085d00000, 0x0000000085e00000, 0x0000000085e00000|100%|HS|  |TAMS 0x0000000085e00000, 0x0000000085d00000| Complete 
|  94|0x0000000085e00000, 0x0000000085f00000, 0x0000000085f00000|100%|HS|  |TAMS 0x0000000085f00000, 0x0000000085e00000| Complete 
|  95|0x0000000085f00000, 0x0000000086000000, 0x0000000086000000|100%| O|  |TAMS 0x0000000086000000, 0x0000000085f00000| Untracked 
|  96|0x0000000086000000, 0x0000000086100000, 0x0000000086100000|100%| O|  |TAMS 0x0000000086100000, 0x0000000086000000| Untracked 
|  97|0x0000000086100000, 0x0000000086200000, 0x0000000086200000|100%| O|  |TAMS 0x0000000086200000, 0x0000000086100000| Untracked 
|  98|0x0000000086200000, 0x0000000086300000, 0x0000000086300000|100%|HS|  |TAMS 0x0000000086200000, 0x0000000086200000| Complete 
|  99|0x0000000086300000, 0x0000000086400000, 0x0000000086400000|100%| O|  |TAMS 0x0000000086300000, 0x0000000086300000| Untracked 
| 100|0x0000000086400000, 0x0000000086500000, 0x0000000086500000|100%| O|  |TAMS 0x0000000086400000, 0x0000000086400000| Untracked 
| 101|0x0000000086500000, 0x0000000086600000, 0x0000000086600000|100%| O|  |TAMS 0x0000000086500000, 0x0000000086500000| Untracked 
| 102|0x0000000086600000, 0x0000000086700000, 0x0000000086700000|100%| O|  |TAMS 0x0000000086700000, 0x0000000086600000| Untracked 
| 103|0x0000000086700000, 0x0000000086800000, 0x0000000086800000|100%| O|  |TAMS 0x0000000086800000, 0x0000000086700000| Untracked 
| 104|0x0000000086800000, 0x0000000086900000, 0x0000000086900000|100%| O|  |TAMS 0x0000000086900000, 0x0000000086800000| Untracked 
| 105|0x0000000086900000, 0x0000000086a00000, 0x0000000086a00000|100%| O|  |TAMS 0x0000000086a00000, 0x0000000086900000| Untracked 
| 106|0x0000000086a00000, 0x0000000086b00000, 0x0000000086b00000|100%| O|  |TAMS 0x0000000086b00000, 0x0000000086a00000| Untracked 
| 107|0x0000000086b00000, 0x0000000086c00000, 0x0000000086c00000|100%| O|  |TAMS 0x0000000086b00000, 0x0000000086b00000| Untracked 
| 108|0x0000000086c00000, 0x0000000086d00000, 0x0000000086d00000|100%| O|  |TAMS 0x0000000086c00000, 0x0000000086c00000| Untracked 
| 109|0x0000000086d00000, 0x0000000086e00000, 0x0000000086e00000|100%|HS|  |TAMS 0x0000000086e00000, 0x0000000086d00000| Complete 
| 110|0x0000000086e00000, 0x0000000086f00000, 0x0000000086f00000|100%|HC|  |TAMS 0x0000000086f00000, 0x0000000086e00000| Complete 
| 111|0x0000000086f00000, 0x0000000087000000, 0x0000000087000000|100%|HS|  |TAMS 0x0000000087000000, 0x0000000086f00000| Complete 
| 112|0x0000000087000000, 0x0000000087100000, 0x0000000087100000|100%|HS|  |TAMS 0x0000000087100000, 0x0000000087000000| Complete 
| 113|0x0000000087100000, 0x0000000087200000, 0x0000000087200000|100%| O|  |TAMS 0x0000000087200000, 0x0000000087100000| Untracked 
| 114|0x0000000087200000, 0x0000000087300000, 0x0000000087300000|100%| O|  |TAMS 0x0000000087300000, 0x0000000087200000| Untracked 
| 115|0x0000000087300000, 0x0000000087400000, 0x0000000087400000|100%| O|  |TAMS 0x0000000087400000, 0x0000000087300000| Untracked 
| 116|0x0000000087400000, 0x0000000087500000, 0x0000000087500000|100%| O|  |TAMS 0x0000000087500000, 0x0000000087400000| Untracked 
| 117|0x0000000087500000, 0x0000000087600000, 0x0000000087600000|100%| O|  |TAMS 0x0000000087600000, 0x0000000087500000| Untracked 
| 118|0x0000000087600000, 0x0000000087700000, 0x0000000087700000|100%| O|  |TAMS 0x0000000087700000, 0x0000000087600000| Untracked 
| 119|0x0000000087700000, 0x0000000087800000, 0x0000000087800000|100%| O|  |TAMS 0x0000000087800000, 0x0000000087700000| Untracked 
| 120|0x0000000087800000, 0x0000000087900000, 0x0000000087900000|100%|HS|  |TAMS 0x0000000087900000, 0x0000000087800000| Complete 
| 121|0x0000000087900000, 0x0000000087a00000, 0x0000000087a00000|100%| O|  |TAMS 0x0000000087a00000, 0x0000000087900000| Untracked 
| 122|0x0000000087a00000, 0x0000000087b00000, 0x0000000087b00000|100%| O|  |TAMS 0x0000000087b00000, 0x0000000087a00000| Untracked 
| 123|0x0000000087b00000, 0x0000000087c00000, 0x0000000087c00000|100%| O|  |TAMS 0x0000000087c00000, 0x0000000087b00000| Untracked 
| 124|0x0000000087c00000, 0x0000000087d00000, 0x0000000087d00000|100%| O|  |TAMS 0x0000000087d00000, 0x0000000087c00000| Untracked 
| 125|0x0000000087d00000, 0x0000000087e00000, 0x0000000087e00000|100%| O|  |TAMS 0x0000000087e00000, 0x0000000087d00000| Untracked 
| 126|0x0000000087e00000, 0x0000000087f00000, 0x0000000087f00000|100%| O|  |TAMS 0x0000000087f00000, 0x0000000087e00000| Untracked 
| 127|0x0000000087f00000, 0x0000000088000000, 0x0000000088000000|100%| O|  |TAMS 0x0000000088000000, 0x0000000087f00000| Untracked 
| 128|0x0000000088000000, 0x0000000088100000, 0x0000000088100000|100%| O|  |TAMS 0x0000000088100000, 0x0000000088000000| Untracked 
| 129|0x0000000088100000, 0x0000000088200000, 0x0000000088200000|100%| O|  |TAMS 0x0000000088200000, 0x0000000088100000| Untracked 
| 130|0x0000000088200000, 0x0000000088300000, 0x0000000088300000|100%| O|  |TAMS 0x0000000088300000, 0x0000000088200000| Untracked 
| 131|0x0000000088300000, 0x0000000088400000, 0x0000000088400000|100%| O|  |TAMS 0x00000000883dc600, 0x0000000088300000| Untracked 
| 132|0x0000000088400000, 0x0000000088500000, 0x0000000088500000|100%| O|  |TAMS 0x0000000088400000, 0x0000000088400000| Untracked 
| 133|0x0000000088500000, 0x0000000088600000, 0x0000000088600000|100%| O|  |TAMS 0x0000000088500000, 0x0000000088500000| Untracked 
| 134|0x0000000088600000, 0x0000000088700000, 0x0000000088700000|100%| O|  |TAMS 0x0000000088600000, 0x0000000088600000| Untracked 
| 135|0x0000000088700000, 0x0000000088800000, 0x0000000088800000|100%| O|  |TAMS 0x0000000088700000, 0x0000000088700000| Untracked 
| 136|0x0000000088800000, 0x0000000088900000, 0x0000000088900000|100%| O|  |TAMS 0x0000000088800000, 0x0000000088800000| Untracked 
| 137|0x0000000088900000, 0x0000000088a00000, 0x0000000088a00000|100%| O|  |TAMS 0x0000000088900000, 0x0000000088900000| Untracked 
| 138|0x0000000088a00000, 0x0000000088b00000, 0x0000000088b00000|100%| O|  |TAMS 0x0000000088a00000, 0x0000000088a00000| Untracked 
| 139|0x0000000088b00000, 0x0000000088c00000, 0x0000000088c00000|100%| O|  |TAMS 0x0000000088b00000, 0x0000000088b00000| Untracked 
| 140|0x0000000088c00000, 0x0000000088d00000, 0x0000000088d00000|100%| O|  |TAMS 0x0000000088c00000, 0x0000000088c00000| Untracked 
| 141|0x0000000088d00000, 0x0000000088e00000, 0x0000000088e00000|100%| O|  |TAMS 0x0000000088d00000, 0x0000000088d00000| Untracked 
| 142|0x0000000088e00000, 0x0000000088f00000, 0x0000000088f00000|100%| O|  |TAMS 0x0000000088e00000, 0x0000000088e00000| Untracked 
| 143|0x0000000088f00000, 0x0000000089000000, 0x0000000089000000|100%| O|  |TAMS 0x0000000088f00000, 0x0000000088f00000| Untracked 
| 144|0x0000000089000000, 0x0000000089100000, 0x0000000089100000|100%| O|  |TAMS 0x0000000089000000, 0x0000000089000000| Untracked 
| 145|0x0000000089100000, 0x0000000089200000, 0x0000000089200000|100%| O|  |TAMS 0x0000000089100000, 0x0000000089100000| Untracked 
| 146|0x0000000089200000, 0x0000000089300000, 0x0000000089300000|100%| O|  |TAMS 0x0000000089200000, 0x0000000089200000| Untracked 
| 147|0x0000000089300000, 0x0000000089400000, 0x0000000089400000|100%| O|  |TAMS 0x0000000089300000, 0x0000000089300000| Untracked 
| 148|0x0000000089400000, 0x0000000089500000, 0x0000000089500000|100%| O|  |TAMS 0x0000000089400000, 0x0000000089400000| Untracked 
| 149|0x0000000089500000, 0x0000000089600000, 0x0000000089600000|100%|HS|  |TAMS 0x0000000089500000, 0x0000000089500000| Complete 
| 150|0x0000000089600000, 0x0000000089700000, 0x0000000089700000|100%|HC|  |TAMS 0x0000000089600000, 0x0000000089600000| Complete 
| 151|0x0000000089700000, 0x0000000089800000, 0x0000000089800000|100%|HC|  |TAMS 0x0000000089700000, 0x0000000089700000| Complete 
| 152|0x0000000089800000, 0x0000000089900000, 0x0000000089900000|100%|HC|  |TAMS 0x0000000089800000, 0x0000000089800000| Complete 
| 153|0x0000000089900000, 0x0000000089a00000, 0x0000000089a00000|100%|HC|  |TAMS 0x0000000089900000, 0x0000000089900000| Complete 
| 154|0x0000000089a00000, 0x0000000089b00000, 0x0000000089b00000|100%|HC|  |TAMS 0x0000000089a00000, 0x0000000089a00000| Complete 
| 155|0x0000000089b00000, 0x0000000089c00000, 0x0000000089c00000|100%|HS|  |TAMS 0x0000000089b00000, 0x0000000089b00000| Complete 
| 156|0x0000000089c00000, 0x0000000089c00000, 0x0000000089d00000|  0%| F|  |TAMS 0x0000000089c00000, 0x0000000089c00000| Untracked 
| 157|0x0000000089d00000, 0x0000000089e00000, 0x0000000089e00000|100%| O|  |TAMS 0x0000000089d00000, 0x0000000089d00000| Untracked 
| 158|0x0000000089e00000, 0x0000000089f00000, 0x0000000089f00000|100%| O|  |TAMS 0x0000000089e00000, 0x0000000089e00000| Untracked 
| 159|0x0000000089f00000, 0x000000008a000000, 0x000000008a000000|100%| O|  |TAMS 0x0000000089f00000, 0x0000000089f00000| Untracked 
| 160|0x000000008a000000, 0x000000008a100000, 0x000000008a100000|100%| O|  |TAMS 0x000000008a000000, 0x000000008a000000| Untracked 
| 161|0x000000008a100000, 0x000000008a186600, 0x000000008a200000| 52%| O|  |TAMS 0x000000008a100000, 0x000000008a100000| Untracked 
| 162|0x000000008a200000, 0x000000008a200000, 0x000000008a300000|  0%| F|  |TAMS 0x000000008a200000, 0x000000008a200000| Untracked 
| 163|0x000000008a300000, 0x000000008a300000, 0x000000008a400000|  0%| F|  |TAMS 0x000000008a300000, 0x000000008a300000| Untracked 
| 164|0x000000008a400000, 0x000000008a400000, 0x000000008a500000|  0%| F|  |TAMS 0x000000008a400000, 0x000000008a400000| Untracked 
| 165|0x000000008a500000, 0x000000008a500000, 0x000000008a600000|  0%| F|  |TAMS 0x000000008a500000, 0x000000008a500000| Untracked 
| 166|0x000000008a600000, 0x000000008a600000, 0x000000008a700000|  0%| F|  |TAMS 0x000000008a600000, 0x000000008a600000| Untracked 
| 167|0x000000008a700000, 0x000000008a700000, 0x000000008a800000|  0%| F|  |TAMS 0x000000008a700000, 0x000000008a700000| Untracked 
| 168|0x000000008a800000, 0x000000008a800000, 0x000000008a900000|  0%| F|  |TAMS 0x000000008a800000, 0x000000008a800000| Untracked 
| 169|0x000000008a900000, 0x000000008a900000, 0x000000008aa00000|  0%| F|  |TAMS 0x000000008a900000, 0x000000008a900000| Untracked 
| 170|0x000000008aa00000, 0x000000008aa00000, 0x000000008ab00000|  0%| F|  |TAMS 0x000000008aa00000, 0x000000008aa00000| Untracked 
| 171|0x000000008ab00000, 0x000000008ab00000, 0x000000008ac00000|  0%| F|  |TAMS 0x000000008ab00000, 0x000000008ab00000| Untracked 
| 172|0x000000008ac00000, 0x000000008ac00000, 0x000000008ad00000|  0%| F|  |TAMS 0x000000008ac00000, 0x000000008ac00000| Untracked 
| 173|0x000000008ad00000, 0x000000008ad00000, 0x000000008ae00000|  0%| F|  |TAMS 0x000000008ad00000, 0x000000008ad00000| Untracked 
| 174|0x000000008ae00000, 0x000000008ae00000, 0x000000008af00000|  0%| F|  |TAMS 0x000000008ae00000, 0x000000008ae00000| Untracked 
| 175|0x000000008af00000, 0x000000008af00000, 0x000000008b000000|  0%| F|  |TAMS 0x000000008af00000, 0x000000008af00000| Untracked 
| 176|0x000000008b000000, 0x000000008b000000, 0x000000008b100000|  0%| F|  |TAMS 0x000000008b000000, 0x000000008b000000| Untracked 
| 177|0x000000008b100000, 0x000000008b100000, 0x000000008b200000|  0%| F|  |TAMS 0x000000008b100000, 0x000000008b100000| Untracked 
| 178|0x000000008b200000, 0x000000008b200000, 0x000000008b300000|  0%| F|  |TAMS 0x000000008b200000, 0x000000008b200000| Untracked 
| 179|0x000000008b300000, 0x000000008b300000, 0x000000008b400000|  0%| F|  |TAMS 0x000000008b300000, 0x000000008b300000| Untracked 
| 180|0x000000008b400000, 0x000000008b400000, 0x000000008b500000|  0%| F|  |TAMS 0x000000008b400000, 0x000000008b400000| Untracked 
| 181|0x000000008b500000, 0x000000008b500000, 0x000000008b600000|  0%| F|  |TAMS 0x000000008b500000, 0x000000008b500000| Untracked 
| 182|0x000000008b600000, 0x000000008b600000, 0x000000008b700000|  0%| F|  |TAMS 0x000000008b600000, 0x000000008b600000| Untracked 
| 183|0x000000008b700000, 0x000000008b700000, 0x000000008b800000|  0%| F|  |TAMS 0x000000008b700000, 0x000000008b700000| Untracked 
| 184|0x000000008b800000, 0x000000008b800000, 0x000000008b900000|  0%| F|  |TAMS 0x000000008b800000, 0x000000008b800000| Untracked 
| 185|0x000000008b900000, 0x000000008b900000, 0x000000008ba00000|  0%| F|  |TAMS 0x000000008b900000, 0x000000008b900000| Untracked 
| 186|0x000000008ba00000, 0x000000008ba00000, 0x000000008bb00000|  0%| F|  |TAMS 0x000000008ba00000, 0x000000008ba00000| Untracked 
| 187|0x000000008bb00000, 0x000000008bb00000, 0x000000008bc00000|  0%| F|  |TAMS 0x000000008bb00000, 0x000000008bb00000| Untracked 
| 188|0x000000008bc00000, 0x000000008bc00000, 0x000000008bd00000|  0%| F|  |TAMS 0x000000008bc00000, 0x000000008bc00000| Untracked 
| 189|0x000000008bd00000, 0x000000008bd00000, 0x000000008be00000|  0%| F|  |TAMS 0x000000008bd00000, 0x000000008bd00000| Untracked 
| 190|0x000000008be00000, 0x000000008be00000, 0x000000008bf00000|  0%| F|  |TAMS 0x000000008be00000, 0x000000008be00000| Untracked 
| 191|0x000000008bf00000, 0x000000008bf00000, 0x000000008c000000|  0%| F|  |TAMS 0x000000008bf00000, 0x000000008bf00000| Untracked 
| 192|0x000000008c000000, 0x000000008c000000, 0x000000008c100000|  0%| F|  |TAMS 0x000000008c000000, 0x000000008c000000| Untracked 
| 193|0x000000008c100000, 0x000000008c100000, 0x000000008c200000|  0%| F|  |TAMS 0x000000008c100000, 0x000000008c100000| Untracked 
| 194|0x000000008c200000, 0x000000008c200000, 0x000000008c300000|  0%| F|  |TAMS 0x000000008c200000, 0x000000008c200000| Untracked 
| 195|0x000000008c300000, 0x000000008c300000, 0x000000008c400000|  0%| F|  |TAMS 0x000000008c300000, 0x000000008c300000| Untracked 
| 196|0x000000008c400000, 0x000000008c400000, 0x000000008c500000|  0%| F|  |TAMS 0x000000008c400000, 0x000000008c400000| Untracked 
| 197|0x000000008c500000, 0x000000008c500000, 0x000000008c600000|  0%| F|  |TAMS 0x000000008c500000, 0x000000008c500000| Untracked 
| 198|0x000000008c600000, 0x000000008c600000, 0x000000008c700000|  0%| F|  |TAMS 0x000000008c600000, 0x000000008c600000| Untracked 
| 199|0x000000008c700000, 0x000000008c700000, 0x000000008c800000|  0%| F|  |TAMS 0x000000008c700000, 0x000000008c700000| Untracked 
| 200|0x000000008c800000, 0x000000008c800000, 0x000000008c900000|  0%| F|  |TAMS 0x000000008c800000, 0x000000008c800000| Untracked 
| 201|0x000000008c900000, 0x000000008c900000, 0x000000008ca00000|  0%| F|  |TAMS 0x000000008c900000, 0x000000008c900000| Untracked 
| 202|0x000000008ca00000, 0x000000008ca00000, 0x000000008cb00000|  0%| F|  |TAMS 0x000000008ca00000, 0x000000008ca00000| Untracked 
| 203|0x000000008cb00000, 0x000000008cb00000, 0x000000008cc00000|  0%| F|  |TAMS 0x000000008cb00000, 0x000000008cb00000| Untracked 
| 204|0x000000008cc00000, 0x000000008cc00000, 0x000000008cd00000|  0%| F|  |TAMS 0x000000008cc00000, 0x000000008cc00000| Untracked 
| 205|0x000000008cd00000, 0x000000008cd00000, 0x000000008ce00000|  0%| F|  |TAMS 0x000000008cd00000, 0x000000008cd00000| Untracked 
| 206|0x000000008ce00000, 0x000000008ce00000, 0x000000008cf00000|  0%| F|  |TAMS 0x000000008ce00000, 0x000000008ce00000| Untracked 
| 207|0x000000008cf00000, 0x000000008cf00000, 0x000000008d000000|  0%| F|  |TAMS 0x000000008cf00000, 0x000000008cf00000| Untracked 
| 208|0x000000008d000000, 0x000000008d000000, 0x000000008d100000|  0%| F|  |TAMS 0x000000008d000000, 0x000000008d000000| Untracked 
| 209|0x000000008d100000, 0x000000008d100000, 0x000000008d200000|  0%| F|  |TAMS 0x000000008d100000, 0x000000008d100000| Untracked 
| 210|0x000000008d200000, 0x000000008d200000, 0x000000008d300000|  0%| F|  |TAMS 0x000000008d200000, 0x000000008d200000| Untracked 
| 211|0x000000008d300000, 0x000000008d300000, 0x000000008d400000|  0%| F|  |TAMS 0x000000008d300000, 0x000000008d300000| Untracked 
| 212|0x000000008d400000, 0x000000008d400000, 0x000000008d500000|  0%| F|  |TAMS 0x000000008d400000, 0x000000008d400000| Untracked 
| 213|0x000000008d500000, 0x000000008d500000, 0x000000008d600000|  0%| F|  |TAMS 0x000000008d500000, 0x000000008d500000| Untracked 
| 214|0x000000008d600000, 0x000000008d600000, 0x000000008d700000|  0%| F|  |TAMS 0x000000008d600000, 0x000000008d600000| Untracked 
| 215|0x000000008d700000, 0x000000008d700000, 0x000000008d800000|  0%| F|  |TAMS 0x000000008d700000, 0x000000008d700000| Untracked 
| 216|0x000000008d800000, 0x000000008d800000, 0x000000008d900000|  0%| F|  |TAMS 0x000000008d800000, 0x000000008d800000| Untracked 
| 217|0x000000008d900000, 0x000000008d900000, 0x000000008da00000|  0%| F|  |TAMS 0x000000008d900000, 0x000000008d900000| Untracked 
| 218|0x000000008da00000, 0x000000008da00000, 0x000000008db00000|  0%| F|  |TAMS 0x000000008da00000, 0x000000008da00000| Untracked 
| 219|0x000000008db00000, 0x000000008db00000, 0x000000008dc00000|  0%| F|  |TAMS 0x000000008db00000, 0x000000008db00000| Untracked 
| 220|0x000000008dc00000, 0x000000008dc00000, 0x000000008dd00000|  0%| F|  |TAMS 0x000000008dc00000, 0x000000008dc00000| Untracked 
| 221|0x000000008dd00000, 0x000000008dd00000, 0x000000008de00000|  0%| F|  |TAMS 0x000000008dd00000, 0x000000008dd00000| Untracked 
| 222|0x000000008de00000, 0x000000008de00000, 0x000000008df00000|  0%| F|  |TAMS 0x000000008de00000, 0x000000008de00000| Untracked 
| 223|0x000000008df00000, 0x000000008df00000, 0x000000008e000000|  0%| F|  |TAMS 0x000000008df00000, 0x000000008df00000| Untracked 
| 224|0x000000008e000000, 0x000000008e000000, 0x000000008e100000|  0%| F|  |TAMS 0x000000008e000000, 0x000000008e000000| Untracked 
| 225|0x000000008e100000, 0x000000008e100000, 0x000000008e200000|  0%| F|  |TAMS 0x000000008e100000, 0x000000008e100000| Untracked 
| 226|0x000000008e200000, 0x000000008e200000, 0x000000008e300000|  0%| F|  |TAMS 0x000000008e200000, 0x000000008e200000| Untracked 
| 227|0x000000008e300000, 0x000000008e300000, 0x000000008e400000|  0%| F|  |TAMS 0x000000008e300000, 0x000000008e300000| Untracked 
| 228|0x000000008e400000, 0x000000008e400000, 0x000000008e500000|  0%| F|  |TAMS 0x000000008e400000, 0x000000008e400000| Untracked 
| 229|0x000000008e500000, 0x000000008e500000, 0x000000008e600000|  0%| F|  |TAMS 0x000000008e500000, 0x000000008e500000| Untracked 
| 230|0x000000008e600000, 0x000000008e600000, 0x000000008e700000|  0%| F|  |TAMS 0x000000008e600000, 0x000000008e600000| Untracked 
| 231|0x000000008e700000, 0x000000008e700000, 0x000000008e800000|  0%| F|  |TAMS 0x000000008e700000, 0x000000008e700000| Untracked 
| 232|0x000000008e800000, 0x000000008e800000, 0x000000008e900000|  0%| F|  |TAMS 0x000000008e800000, 0x000000008e800000| Untracked 
| 233|0x000000008e900000, 0x000000008e900000, 0x000000008ea00000|  0%| F|  |TAMS 0x000000008e900000, 0x000000008e900000| Untracked 
| 234|0x000000008ea00000, 0x000000008eb00000, 0x000000008eb00000|100%| S|CS|TAMS 0x000000008ea00000, 0x000000008ea00000| Complete 
| 235|0x000000008eb00000, 0x000000008ec00000, 0x000000008ec00000|100%| S|CS|TAMS 0x000000008eb00000, 0x000000008eb00000| Complete 
| 236|0x000000008ec00000, 0x000000008ed00000, 0x000000008ed00000|100%| S|CS|TAMS 0x000000008ec00000, 0x000000008ec00000| Complete 
| 237|0x000000008ed00000, 0x000000008ee00000, 0x000000008ee00000|100%| S|CS|TAMS 0x000000008ed00000, 0x000000008ed00000| Complete 
| 238|0x000000008ee00000, 0x000000008ef00000, 0x000000008ef00000|100%| S|CS|TAMS 0x000000008ee00000, 0x000000008ee00000| Complete 
| 239|0x000000008ef00000, 0x000000008f000000, 0x000000008f000000|100%| S|CS|TAMS 0x000000008ef00000, 0x000000008ef00000| Complete 
| 240|0x000000008f000000, 0x000000008f100000, 0x000000008f100000|100%| S|CS|TAMS 0x000000008f000000, 0x000000008f000000| Complete 
| 241|0x000000008f100000, 0x000000008f200000, 0x000000008f200000|100%| S|CS|TAMS 0x000000008f100000, 0x000000008f100000| Complete 
| 242|0x000000008f200000, 0x000000008f300000, 0x000000008f300000|100%| S|CS|TAMS 0x000000008f200000, 0x000000008f200000| Complete 
| 243|0x000000008f300000, 0x000000008f400000, 0x000000008f400000|100%| S|CS|TAMS 0x000000008f300000, 0x000000008f300000| Complete 
| 244|0x000000008f400000, 0x000000008f500000, 0x000000008f500000|100%| S|CS|TAMS 0x000000008f400000, 0x000000008f400000| Complete 
| 245|0x000000008f500000, 0x000000008f600000, 0x000000008f600000|100%| S|CS|TAMS 0x000000008f500000, 0x000000008f500000| Complete 
| 246|0x000000008f600000, 0x000000008f700000, 0x000000008f700000|100%| S|CS|TAMS 0x000000008f600000, 0x000000008f600000| Complete 
| 247|0x000000008f700000, 0x000000008f800000, 0x000000008f800000|100%| S|CS|TAMS 0x000000008f700000, 0x000000008f700000| Complete 
| 248|0x000000008f800000, 0x000000008f900000, 0x000000008f900000|100%| S|CS|TAMS 0x000000008f800000, 0x000000008f800000| Complete 
| 249|0x000000008f900000, 0x000000008fa00000, 0x000000008fa00000|100%| S|CS|TAMS 0x000000008f900000, 0x000000008f900000| Complete 
| 250|0x000000008fa00000, 0x000000008fb00000, 0x000000008fb00000|100%| S|CS|TAMS 0x000000008fa00000, 0x000000008fa00000| Complete 
| 251|0x000000008fb00000, 0x000000008fc00000, 0x000000008fc00000|100%| S|CS|TAMS 0x000000008fb00000, 0x000000008fb00000| Complete 
| 252|0x000000008fc00000, 0x000000008fd00000, 0x000000008fd00000|100%| S|CS|TAMS 0x000000008fc00000, 0x000000008fc00000| Complete 
| 253|0x000000008fd00000, 0x000000008fe00000, 0x000000008fe00000|100%| S|CS|TAMS 0x000000008fd00000, 0x000000008fd00000| Complete 
| 254|0x000000008fe00000, 0x000000008ff00000, 0x000000008ff00000|100%| S|CS|TAMS 0x000000008fe00000, 0x000000008fe00000| Complete 
| 255|0x000000008ff00000, 0x0000000090000000, 0x0000000090000000|100%| S|CS|TAMS 0x000000008ff00000, 0x000000008ff00000| Complete 
| 256|0x0000000090000000, 0x0000000090100000, 0x0000000090100000|100%| S|CS|TAMS 0x0000000090000000, 0x0000000090000000| Complete 
| 257|0x0000000090100000, 0x0000000090200000, 0x0000000090200000|100%| S|CS|TAMS 0x0000000090100000, 0x0000000090100000| Complete 
| 258|0x0000000090200000, 0x0000000090300000, 0x0000000090300000|100%| S|CS|TAMS 0x0000000090200000, 0x0000000090200000| Complete 
| 259|0x0000000090300000, 0x0000000090300000, 0x0000000090400000|  0%| F|  |TAMS 0x0000000090300000, 0x0000000090300000| Untracked 
| 260|0x0000000090400000, 0x0000000090400000, 0x0000000090500000|  0%| F|  |TAMS 0x0000000090400000, 0x0000000090400000| Untracked 
| 261|0x0000000090500000, 0x0000000090500000, 0x0000000090600000|  0%| F|  |TAMS 0x0000000090500000, 0x0000000090500000| Untracked 
| 262|0x0000000090600000, 0x0000000090600000, 0x0000000090700000|  0%| F|  |TAMS 0x0000000090600000, 0x0000000090600000| Untracked 
| 263|0x0000000090700000, 0x0000000090700000, 0x0000000090800000|  0%| F|  |TAMS 0x0000000090700000, 0x0000000090700000| Untracked 
| 264|0x0000000090800000, 0x0000000090800000, 0x0000000090900000|  0%| F|  |TAMS 0x0000000090800000, 0x0000000090800000| Untracked 
| 265|0x0000000090900000, 0x0000000090900000, 0x0000000090a00000|  0%| F|  |TAMS 0x0000000090900000, 0x0000000090900000| Untracked 
| 266|0x0000000090a00000, 0x0000000090a00000, 0x0000000090b00000|  0%| F|  |TAMS 0x0000000090a00000, 0x0000000090a00000| Untracked 
| 267|0x0000000090b00000, 0x0000000090b00000, 0x0000000090c00000|  0%| F|  |TAMS 0x0000000090b00000, 0x0000000090b00000| Untracked 
| 268|0x0000000090c00000, 0x0000000090c00000, 0x0000000090d00000|  0%| F|  |TAMS 0x0000000090c00000, 0x0000000090c00000| Untracked 
| 269|0x0000000090d00000, 0x0000000090d00000, 0x0000000090e00000|  0%| F|  |TAMS 0x0000000090d00000, 0x0000000090d00000| Untracked 
| 270|0x0000000090e00000, 0x0000000090e00000, 0x0000000090f00000|  0%| F|  |TAMS 0x0000000090e00000, 0x0000000090e00000| Untracked 
| 271|0x0000000090f00000, 0x0000000090f00000, 0x0000000091000000|  0%| F|  |TAMS 0x0000000090f00000, 0x0000000090f00000| Untracked 
| 272|0x0000000091000000, 0x0000000091000000, 0x0000000091100000|  0%| F|  |TAMS 0x0000000091000000, 0x0000000091000000| Untracked 
| 273|0x0000000091100000, 0x0000000091100000, 0x0000000091200000|  0%| F|  |TAMS 0x0000000091100000, 0x0000000091100000| Untracked 
| 274|0x0000000091200000, 0x0000000091200000, 0x0000000091300000|  0%| F|  |TAMS 0x0000000091200000, 0x0000000091200000| Untracked 
| 275|0x0000000091300000, 0x0000000091300000, 0x0000000091400000|  0%| F|  |TAMS 0x0000000091300000, 0x0000000091300000| Untracked 
| 276|0x0000000091400000, 0x0000000091400000, 0x0000000091500000|  0%| F|  |TAMS 0x0000000091400000, 0x0000000091400000| Untracked 
| 277|0x0000000091500000, 0x0000000091500000, 0x0000000091600000|  0%| F|  |TAMS 0x0000000091500000, 0x0000000091500000| Untracked 
| 278|0x0000000091600000, 0x0000000091600000, 0x0000000091700000|  0%| F|  |TAMS 0x0000000091600000, 0x0000000091600000| Untracked 
| 279|0x0000000091700000, 0x0000000091700000, 0x0000000091800000|  0%| F|  |TAMS 0x0000000091700000, 0x0000000091700000| Untracked 
| 280|0x0000000091800000, 0x0000000091800000, 0x0000000091900000|  0%| F|  |TAMS 0x0000000091800000, 0x0000000091800000| Untracked 
| 281|0x0000000091900000, 0x0000000091900000, 0x0000000091a00000|  0%| F|  |TAMS 0x0000000091900000, 0x0000000091900000| Untracked 
| 282|0x0000000091a00000, 0x0000000091a00000, 0x0000000091b00000|  0%| F|  |TAMS 0x0000000091a00000, 0x0000000091a00000| Untracked 
| 283|0x0000000091b00000, 0x0000000091b00000, 0x0000000091c00000|  0%| F|  |TAMS 0x0000000091b00000, 0x0000000091b00000| Untracked 
| 284|0x0000000091c00000, 0x0000000091c00000, 0x0000000091d00000|  0%| F|  |TAMS 0x0000000091c00000, 0x0000000091c00000| Untracked 
| 285|0x0000000091d00000, 0x0000000091d00000, 0x0000000091e00000|  0%| F|  |TAMS 0x0000000091d00000, 0x0000000091d00000| Untracked 
| 286|0x0000000091e00000, 0x0000000091e00000, 0x0000000091f00000|  0%| F|  |TAMS 0x0000000091e00000, 0x0000000091e00000| Untracked 
| 287|0x0000000091f00000, 0x0000000091f00000, 0x0000000092000000|  0%| F|  |TAMS 0x0000000091f00000, 0x0000000091f00000| Untracked 
| 288|0x0000000092000000, 0x0000000092000000, 0x0000000092100000|  0%| F|  |TAMS 0x0000000092000000, 0x0000000092000000| Untracked 
| 289|0x0000000092100000, 0x0000000092100000, 0x0000000092200000|  0%| F|  |TAMS 0x0000000092100000, 0x0000000092100000| Untracked 
| 290|0x0000000092200000, 0x0000000092200000, 0x0000000092300000|  0%| F|  |TAMS 0x0000000092200000, 0x0000000092200000| Untracked 
| 291|0x0000000092300000, 0x0000000092300000, 0x0000000092400000|  0%| F|  |TAMS 0x0000000092300000, 0x0000000092300000| Untracked 
| 292|0x0000000092400000, 0x0000000092400000, 0x0000000092500000|  0%| F|  |TAMS 0x0000000092400000, 0x0000000092400000| Untracked 
| 293|0x0000000092500000, 0x0000000092500000, 0x0000000092600000|  0%| F|  |TAMS 0x0000000092500000, 0x0000000092500000| Untracked 
| 294|0x0000000092600000, 0x0000000092600000, 0x0000000092700000|  0%| F|  |TAMS 0x0000000092600000, 0x0000000092600000| Untracked 
| 295|0x0000000092700000, 0x0000000092700000, 0x0000000092800000|  0%| F|  |TAMS 0x0000000092700000, 0x0000000092700000| Untracked 
| 296|0x0000000092800000, 0x0000000092800000, 0x0000000092900000|  0%| F|  |TAMS 0x0000000092800000, 0x0000000092800000| Untracked 
| 297|0x0000000092900000, 0x0000000092900000, 0x0000000092a00000|  0%| F|  |TAMS 0x0000000092900000, 0x0000000092900000| Untracked 
| 298|0x0000000092a00000, 0x0000000092a00000, 0x0000000092b00000|  0%| F|  |TAMS 0x0000000092a00000, 0x0000000092a00000| Untracked 
| 299|0x0000000092b00000, 0x0000000092b00000, 0x0000000092c00000|  0%| F|  |TAMS 0x0000000092b00000, 0x0000000092b00000| Untracked 
| 300|0x0000000092c00000, 0x0000000092c00000, 0x0000000092d00000|  0%| F|  |TAMS 0x0000000092c00000, 0x0000000092c00000| Untracked 
| 301|0x0000000092d00000, 0x0000000092d00000, 0x0000000092e00000|  0%| F|  |TAMS 0x0000000092d00000, 0x0000000092d00000| Untracked 
| 302|0x0000000092e00000, 0x0000000092e00000, 0x0000000092f00000|  0%| F|  |TAMS 0x0000000092e00000, 0x0000000092e00000| Untracked 
| 303|0x0000000092f00000, 0x0000000092f00000, 0x0000000093000000|  0%| F|  |TAMS 0x0000000092f00000, 0x0000000092f00000| Untracked 
| 304|0x0000000093000000, 0x0000000093000000, 0x0000000093100000|  0%| F|  |TAMS 0x0000000093000000, 0x0000000093000000| Untracked 
| 305|0x0000000093100000, 0x0000000093100000, 0x0000000093200000|  0%| F|  |TAMS 0x0000000093100000, 0x0000000093100000| Untracked 
| 306|0x0000000093200000, 0x0000000093200000, 0x0000000093300000|  0%| F|  |TAMS 0x0000000093200000, 0x0000000093200000| Untracked 
| 307|0x0000000093300000, 0x0000000093300000, 0x0000000093400000|  0%| F|  |TAMS 0x0000000093300000, 0x0000000093300000| Untracked 
| 308|0x0000000093400000, 0x0000000093400000, 0x0000000093500000|  0%| F|  |TAMS 0x0000000093400000, 0x0000000093400000| Untracked 
| 309|0x0000000093500000, 0x0000000093500000, 0x0000000093600000|  0%| F|  |TAMS 0x0000000093500000, 0x0000000093500000| Untracked 
| 310|0x0000000093600000, 0x0000000093600000, 0x0000000093700000|  0%| F|  |TAMS 0x0000000093600000, 0x0000000093600000| Untracked 
| 311|0x0000000093700000, 0x0000000093700000, 0x0000000093800000|  0%| F|  |TAMS 0x0000000093700000, 0x0000000093700000| Untracked 
| 312|0x0000000093800000, 0x0000000093800000, 0x0000000093900000|  0%| F|  |TAMS 0x0000000093800000, 0x0000000093800000| Untracked 
| 313|0x0000000093900000, 0x0000000093900000, 0x0000000093a00000|  0%| F|  |TAMS 0x0000000093900000, 0x0000000093900000| Untracked 
| 314|0x0000000093a00000, 0x0000000093a00000, 0x0000000093b00000|  0%| F|  |TAMS 0x0000000093a00000, 0x0000000093a00000| Untracked 
| 315|0x0000000093b00000, 0x0000000093b00000, 0x0000000093c00000|  0%| F|  |TAMS 0x0000000093b00000, 0x0000000093b00000| Untracked 
| 316|0x0000000093c00000, 0x0000000093d00000, 0x0000000093d00000|100%| E|  |TAMS 0x0000000093c00000, 0x0000000093c00000| Complete 
| 317|0x0000000093d00000, 0x0000000093e00000, 0x0000000093e00000|100%| E|CS|TAMS 0x0000000093d00000, 0x0000000093d00000| Complete 
| 318|0x0000000093e00000, 0x0000000093f00000, 0x0000000093f00000|100%| E|CS|TAMS 0x0000000093e00000, 0x0000000093e00000| Complete 
| 319|0x0000000093f00000, 0x0000000094000000, 0x0000000094000000|100%| E|CS|TAMS 0x0000000093f00000, 0x0000000093f00000| Complete 
| 320|0x0000000094000000, 0x0000000094100000, 0x0000000094100000|100%| E|CS|TAMS 0x0000000094000000, 0x0000000094000000| Complete 
| 321|0x0000000094100000, 0x0000000094200000, 0x0000000094200000|100%| E|CS|TAMS 0x0000000094100000, 0x0000000094100000| Complete 
| 322|0x0000000094200000, 0x0000000094300000, 0x0000000094300000|100%| E|CS|TAMS 0x0000000094200000, 0x0000000094200000| Complete 
| 323|0x0000000094300000, 0x0000000094400000, 0x0000000094400000|100%| E|CS|TAMS 0x0000000094300000, 0x0000000094300000| Complete 
| 324|0x0000000094400000, 0x0000000094500000, 0x0000000094500000|100%| E|CS|TAMS 0x0000000094400000, 0x0000000094400000| Complete 
| 325|0x0000000094500000, 0x0000000094600000, 0x0000000094600000|100%| E|CS|TAMS 0x0000000094500000, 0x0000000094500000| Complete 
| 326|0x0000000094600000, 0x0000000094700000, 0x0000000094700000|100%| E|CS|TAMS 0x0000000094600000, 0x0000000094600000| Complete 
| 327|0x0000000094700000, 0x0000000094800000, 0x0000000094800000|100%| E|CS|TAMS 0x0000000094700000, 0x0000000094700000| Complete 
| 328|0x0000000094800000, 0x0000000094900000, 0x0000000094900000|100%| E|CS|TAMS 0x0000000094800000, 0x0000000094800000| Complete 
| 329|0x0000000094900000, 0x0000000094a00000, 0x0000000094a00000|100%| E|CS|TAMS 0x0000000094900000, 0x0000000094900000| Complete 
| 330|0x0000000094a00000, 0x0000000094b00000, 0x0000000094b00000|100%| E|CS|TAMS 0x0000000094a00000, 0x0000000094a00000| Complete 
| 331|0x0000000094b00000, 0x0000000094c00000, 0x0000000094c00000|100%| E|CS|TAMS 0x0000000094b00000, 0x0000000094b00000| Complete 
| 332|0x0000000094c00000, 0x0000000094d00000, 0x0000000094d00000|100%| E|CS|TAMS 0x0000000094c00000, 0x0000000094c00000| Complete 
| 333|0x0000000094d00000, 0x0000000094e00000, 0x0000000094e00000|100%| E|CS|TAMS 0x0000000094d00000, 0x0000000094d00000| Complete 
| 334|0x0000000094e00000, 0x0000000094f00000, 0x0000000094f00000|100%| E|CS|TAMS 0x0000000094e00000, 0x0000000094e00000| Complete 
| 335|0x0000000094f00000, 0x0000000095000000, 0x0000000095000000|100%| E|CS|TAMS 0x0000000094f00000, 0x0000000094f00000| Complete 
| 336|0x0000000095000000, 0x0000000095100000, 0x0000000095100000|100%| E|CS|TAMS 0x0000000095000000, 0x0000000095000000| Complete 
| 337|0x0000000095100000, 0x0000000095200000, 0x0000000095200000|100%| E|CS|TAMS 0x0000000095100000, 0x0000000095100000| Complete 
| 338|0x0000000095200000, 0x0000000095300000, 0x0000000095300000|100%| E|CS|TAMS 0x0000000095200000, 0x0000000095200000| Complete 
| 339|0x0000000095300000, 0x0000000095400000, 0x0000000095400000|100%| E|CS|TAMS 0x0000000095300000, 0x0000000095300000| Complete 
| 340|0x0000000095400000, 0x0000000095500000, 0x0000000095500000|100%| E|CS|TAMS 0x0000000095400000, 0x0000000095400000| Complete 
| 341|0x0000000095500000, 0x0000000095600000, 0x0000000095600000|100%| E|CS|TAMS 0x0000000095500000, 0x0000000095500000| Complete 
| 342|0x0000000095600000, 0x0000000095700000, 0x0000000095700000|100%| E|CS|TAMS 0x0000000095600000, 0x0000000095600000| Complete 
| 343|0x0000000095700000, 0x0000000095800000, 0x0000000095800000|100%| E|CS|TAMS 0x0000000095700000, 0x0000000095700000| Complete 
| 344|0x0000000095800000, 0x0000000095900000, 0x0000000095900000|100%| E|CS|TAMS 0x0000000095800000, 0x0000000095800000| Complete 
| 345|0x0000000095900000, 0x0000000095a00000, 0x0000000095a00000|100%| E|CS|TAMS 0x0000000095900000, 0x0000000095900000| Complete 
| 346|0x0000000095a00000, 0x0000000095b00000, 0x0000000095b00000|100%| E|CS|TAMS 0x0000000095a00000, 0x0000000095a00000| Complete 
| 347|0x0000000095b00000, 0x0000000095c00000, 0x0000000095c00000|100%| E|CS|TAMS 0x0000000095b00000, 0x0000000095b00000| Complete 
| 348|0x0000000095c00000, 0x0000000095d00000, 0x0000000095d00000|100%| E|CS|TAMS 0x0000000095c00000, 0x0000000095c00000| Complete 
| 349|0x0000000095d00000, 0x0000000095e00000, 0x0000000095e00000|100%| E|CS|TAMS 0x0000000095d00000, 0x0000000095d00000| Complete 
| 350|0x0000000095e00000, 0x0000000095f00000, 0x0000000095f00000|100%| E|CS|TAMS 0x0000000095e00000, 0x0000000095e00000| Complete 
| 351|0x0000000095f00000, 0x0000000096000000, 0x0000000096000000|100%| E|CS|TAMS 0x0000000095f00000, 0x0000000095f00000| Complete 
| 352|0x0000000096000000, 0x0000000096100000, 0x0000000096100000|100%| E|CS|TAMS 0x0000000096000000, 0x0000000096000000| Complete 
| 353|0x0000000096100000, 0x0000000096200000, 0x0000000096200000|100%| E|CS|TAMS 0x0000000096100000, 0x0000000096100000| Complete 
| 354|0x0000000096200000, 0x0000000096300000, 0x0000000096300000|100%| E|CS|TAMS 0x0000000096200000, 0x0000000096200000| Complete 
| 355|0x0000000096300000, 0x0000000096400000, 0x0000000096400000|100%| E|CS|TAMS 0x0000000096300000, 0x0000000096300000| Complete 
| 356|0x0000000096400000, 0x0000000096500000, 0x0000000096500000|100%| E|CS|TAMS 0x0000000096400000, 0x0000000096400000| Complete 
| 357|0x0000000096500000, 0x0000000096600000, 0x0000000096600000|100%| E|CS|TAMS 0x0000000096500000, 0x0000000096500000| Complete 
| 358|0x0000000096600000, 0x0000000096700000, 0x0000000096700000|100%| E|CS|TAMS 0x0000000096600000, 0x0000000096600000| Complete 
| 359|0x0000000096700000, 0x0000000096800000, 0x0000000096800000|100%| E|CS|TAMS 0x0000000096700000, 0x0000000096700000| Complete 
| 360|0x0000000096800000, 0x0000000096900000, 0x0000000096900000|100%| E|CS|TAMS 0x0000000096800000, 0x0000000096800000| Complete 
| 361|0x0000000096900000, 0x0000000096a00000, 0x0000000096a00000|100%| E|CS|TAMS 0x0000000096900000, 0x0000000096900000| Complete 
| 362|0x0000000096a00000, 0x0000000096b00000, 0x0000000096b00000|100%| E|CS|TAMS 0x0000000096a00000, 0x0000000096a00000| Complete 
| 363|0x0000000096b00000, 0x0000000096c00000, 0x0000000096c00000|100%| E|CS|TAMS 0x0000000096b00000, 0x0000000096b00000| Complete 
| 364|0x0000000096c00000, 0x0000000096d00000, 0x0000000096d00000|100%| E|CS|TAMS 0x0000000096c00000, 0x0000000096c00000| Complete 
| 365|0x0000000096d00000, 0x0000000096e00000, 0x0000000096e00000|100%| E|CS|TAMS 0x0000000096d00000, 0x0000000096d00000| Complete 
| 366|0x0000000096e00000, 0x0000000096f00000, 0x0000000096f00000|100%| E|CS|TAMS 0x0000000096e00000, 0x0000000096e00000| Complete 
| 367|0x0000000096f00000, 0x0000000097000000, 0x0000000097000000|100%| E|CS|TAMS 0x0000000096f00000, 0x0000000096f00000| Complete 
| 368|0x0000000097000000, 0x0000000097100000, 0x0000000097100000|100%| E|CS|TAMS 0x0000000097000000, 0x0000000097000000| Complete 
| 369|0x0000000097100000, 0x0000000097200000, 0x0000000097200000|100%| E|CS|TAMS 0x0000000097100000, 0x0000000097100000| Complete 
| 370|0x0000000097200000, 0x0000000097300000, 0x0000000097300000|100%| E|CS|TAMS 0x0000000097200000, 0x0000000097200000| Complete 
| 371|0x0000000097300000, 0x0000000097400000, 0x0000000097400000|100%| E|CS|TAMS 0x0000000097300000, 0x0000000097300000| Complete 
| 372|0x0000000097400000, 0x0000000097500000, 0x0000000097500000|100%| E|CS|TAMS 0x0000000097400000, 0x0000000097400000| Complete 
| 373|0x0000000097500000, 0x0000000097600000, 0x0000000097600000|100%| E|CS|TAMS 0x0000000097500000, 0x0000000097500000| Complete 
| 374|0x0000000097600000, 0x0000000097700000, 0x0000000097700000|100%| E|CS|TAMS 0x0000000097600000, 0x0000000097600000| Complete 
| 375|0x0000000097700000, 0x0000000097800000, 0x0000000097800000|100%| E|CS|TAMS 0x0000000097700000, 0x0000000097700000| Complete 
| 376|0x0000000097800000, 0x0000000097900000, 0x0000000097900000|100%| E|CS|TAMS 0x0000000097800000, 0x0000000097800000| Complete 
| 377|0x0000000097900000, 0x0000000097a00000, 0x0000000097a00000|100%| E|CS|TAMS 0x0000000097900000, 0x0000000097900000| Complete 
| 378|0x0000000097a00000, 0x0000000097b00000, 0x0000000097b00000|100%| E|CS|TAMS 0x0000000097a00000, 0x0000000097a00000| Complete 
| 379|0x0000000097b00000, 0x0000000097c00000, 0x0000000097c00000|100%| E|CS|TAMS 0x0000000097b00000, 0x0000000097b00000| Complete 
| 380|0x0000000097c00000, 0x0000000097d00000, 0x0000000097d00000|100%| E|CS|TAMS 0x0000000097c00000, 0x0000000097c00000| Complete 
| 381|0x0000000097d00000, 0x0000000097e00000, 0x0000000097e00000|100%| E|CS|TAMS 0x0000000097d00000, 0x0000000097d00000| Complete 
| 382|0x0000000097e00000, 0x0000000097f00000, 0x0000000097f00000|100%| E|CS|TAMS 0x0000000097e00000, 0x0000000097e00000| Complete 
| 383|0x0000000097f00000, 0x0000000098000000, 0x0000000098000000|100%| E|CS|TAMS 0x0000000097f00000, 0x0000000097f00000| Complete 
| 384|0x0000000098000000, 0x0000000098100000, 0x0000000098100000|100%| E|CS|TAMS 0x0000000098000000, 0x0000000098000000| Complete 
| 385|0x0000000098100000, 0x0000000098200000, 0x0000000098200000|100%| E|CS|TAMS 0x0000000098100000, 0x0000000098100000| Complete 
| 386|0x0000000098200000, 0x0000000098300000, 0x0000000098300000|100%| E|CS|TAMS 0x0000000098200000, 0x0000000098200000| Complete 
| 387|0x0000000098300000, 0x0000000098400000, 0x0000000098400000|100%| E|CS|TAMS 0x0000000098300000, 0x0000000098300000| Complete 
| 388|0x0000000098400000, 0x0000000098500000, 0x0000000098500000|100%| E|CS|TAMS 0x0000000098400000, 0x0000000098400000| Complete 
| 389|0x0000000098500000, 0x0000000098600000, 0x0000000098600000|100%| E|CS|TAMS 0x0000000098500000, 0x0000000098500000| Complete 
| 390|0x0000000098600000, 0x0000000098700000, 0x0000000098700000|100%| E|CS|TAMS 0x0000000098600000, 0x0000000098600000| Complete 
| 391|0x0000000098700000, 0x0000000098800000, 0x0000000098800000|100%| E|CS|TAMS 0x0000000098700000, 0x0000000098700000| Complete 
| 392|0x0000000098800000, 0x0000000098900000, 0x0000000098900000|100%| E|CS|TAMS 0x0000000098800000, 0x0000000098800000| Complete 
| 393|0x0000000098900000, 0x0000000098a00000, 0x0000000098a00000|100%| E|CS|TAMS 0x0000000098900000, 0x0000000098900000| Complete 
| 394|0x0000000098a00000, 0x0000000098b00000, 0x0000000098b00000|100%| E|CS|TAMS 0x0000000098a00000, 0x0000000098a00000| Complete 
| 395|0x0000000098b00000, 0x0000000098c00000, 0x0000000098c00000|100%| E|CS|TAMS 0x0000000098b00000, 0x0000000098b00000| Complete 
| 396|0x0000000098c00000, 0x0000000098d00000, 0x0000000098d00000|100%| E|CS|TAMS 0x0000000098c00000, 0x0000000098c00000| Complete 
| 397|0x0000000098d00000, 0x0000000098e00000, 0x0000000098e00000|100%| E|CS|TAMS 0x0000000098d00000, 0x0000000098d00000| Complete 
| 398|0x0000000098e00000, 0x0000000098f00000, 0x0000000098f00000|100%| E|CS|TAMS 0x0000000098e00000, 0x0000000098e00000| Complete 
| 399|0x0000000098f00000, 0x0000000099000000, 0x0000000099000000|100%| E|CS|TAMS 0x0000000098f00000, 0x0000000098f00000| Complete 
| 400|0x0000000099000000, 0x0000000099100000, 0x0000000099100000|100%| E|CS|TAMS 0x0000000099000000, 0x0000000099000000| Complete 
| 401|0x0000000099100000, 0x0000000099200000, 0x0000000099200000|100%| E|CS|TAMS 0x0000000099100000, 0x0000000099100000| Complete 
| 402|0x0000000099200000, 0x0000000099300000, 0x0000000099300000|100%| E|CS|TAMS 0x0000000099200000, 0x0000000099200000| Complete 
| 403|0x0000000099300000, 0x0000000099400000, 0x0000000099400000|100%| E|CS|TAMS 0x0000000099300000, 0x0000000099300000| Complete 
| 404|0x0000000099400000, 0x0000000099500000, 0x0000000099500000|100%| E|CS|TAMS 0x0000000099400000, 0x0000000099400000| Complete 
| 405|0x0000000099500000, 0x0000000099600000, 0x0000000099600000|100%| E|CS|TAMS 0x0000000099500000, 0x0000000099500000| Complete 
| 406|0x0000000099600000, 0x0000000099700000, 0x0000000099700000|100%| E|CS|TAMS 0x0000000099600000, 0x0000000099600000| Complete 
| 407|0x0000000099700000, 0x0000000099800000, 0x0000000099800000|100%| E|CS|TAMS 0x0000000099700000, 0x0000000099700000| Complete 
| 408|0x0000000099800000, 0x0000000099900000, 0x0000000099900000|100%| E|CS|TAMS 0x0000000099800000, 0x0000000099800000| Complete 
| 409|0x0000000099900000, 0x0000000099a00000, 0x0000000099a00000|100%| E|CS|TAMS 0x0000000099900000, 0x0000000099900000| Complete 
| 410|0x0000000099a00000, 0x0000000099b00000, 0x0000000099b00000|100%| E|CS|TAMS 0x0000000099a00000, 0x0000000099a00000| Complete 
| 411|0x0000000099b00000, 0x0000000099c00000, 0x0000000099c00000|100%| E|CS|TAMS 0x0000000099b00000, 0x0000000099b00000| Complete 
| 412|0x0000000099c00000, 0x0000000099d00000, 0x0000000099d00000|100%| E|CS|TAMS 0x0000000099c00000, 0x0000000099c00000| Complete 
| 413|0x0000000099d00000, 0x0000000099e00000, 0x0000000099e00000|100%| E|CS|TAMS 0x0000000099d00000, 0x0000000099d00000| Complete 
| 414|0x0000000099e00000, 0x0000000099f00000, 0x0000000099f00000|100%| E|CS|TAMS 0x0000000099e00000, 0x0000000099e00000| Complete 
| 415|0x0000000099f00000, 0x000000009a000000, 0x000000009a000000|100%| E|CS|TAMS 0x0000000099f00000, 0x0000000099f00000| Complete 
| 416|0x000000009a000000, 0x000000009a100000, 0x000000009a100000|100%| E|CS|TAMS 0x000000009a000000, 0x000000009a000000| Complete 
| 417|0x000000009a100000, 0x000000009a200000, 0x000000009a200000|100%| E|CS|TAMS 0x000000009a100000, 0x000000009a100000| Complete 
| 418|0x000000009a200000, 0x000000009a300000, 0x000000009a300000|100%| E|CS|TAMS 0x000000009a200000, 0x000000009a200000| Complete 
| 419|0x000000009a300000, 0x000000009a400000, 0x000000009a400000|100%| E|CS|TAMS 0x000000009a300000, 0x000000009a300000| Complete 
| 420|0x000000009a400000, 0x000000009a500000, 0x000000009a500000|100%| E|CS|TAMS 0x000000009a400000, 0x000000009a400000| Complete 
| 421|0x000000009a500000, 0x000000009a600000, 0x000000009a600000|100%| E|CS|TAMS 0x000000009a500000, 0x000000009a500000| Complete 
| 422|0x000000009a600000, 0x000000009a700000, 0x000000009a700000|100%| E|CS|TAMS 0x000000009a600000, 0x000000009a600000| Complete 
| 423|0x000000009a700000, 0x000000009a800000, 0x000000009a800000|100%| E|CS|TAMS 0x000000009a700000, 0x000000009a700000| Complete 
| 424|0x000000009a800000, 0x000000009a900000, 0x000000009a900000|100%| E|CS|TAMS 0x000000009a800000, 0x000000009a800000| Complete 
| 425|0x000000009a900000, 0x000000009aa00000, 0x000000009aa00000|100%| E|CS|TAMS 0x000000009a900000, 0x000000009a900000| Complete 
| 426|0x000000009aa00000, 0x000000009ab00000, 0x000000009ab00000|100%| E|CS|TAMS 0x000000009aa00000, 0x000000009aa00000| Complete 
| 427|0x000000009ab00000, 0x000000009ac00000, 0x000000009ac00000|100%| E|CS|TAMS 0x000000009ab00000, 0x000000009ab00000| Complete 
| 428|0x000000009ac00000, 0x000000009ad00000, 0x000000009ad00000|100%| E|CS|TAMS 0x000000009ac00000, 0x000000009ac00000| Complete 
| 429|0x000000009ad00000, 0x000000009ae00000, 0x000000009ae00000|100%| E|CS|TAMS 0x000000009ad00000, 0x000000009ad00000| Complete 
| 430|0x000000009ae00000, 0x000000009af00000, 0x000000009af00000|100%| E|CS|TAMS 0x000000009ae00000, 0x000000009ae00000| Complete 
| 431|0x000000009af00000, 0x000000009b000000, 0x000000009b000000|100%| E|CS|TAMS 0x000000009af00000, 0x000000009af00000| Complete 
| 432|0x000000009b000000, 0x000000009b100000, 0x000000009b100000|100%| E|CS|TAMS 0x000000009b000000, 0x000000009b000000| Complete 
| 433|0x000000009b100000, 0x000000009b200000, 0x000000009b200000|100%| E|CS|TAMS 0x000000009b100000, 0x000000009b100000| Complete 
| 434|0x000000009b200000, 0x000000009b300000, 0x000000009b300000|100%| E|CS|TAMS 0x000000009b200000, 0x000000009b200000| Complete 
| 435|0x000000009b300000, 0x000000009b400000, 0x000000009b400000|100%| E|CS|TAMS 0x000000009b300000, 0x000000009b300000| Complete 
| 436|0x000000009b400000, 0x000000009b500000, 0x000000009b500000|100%| E|CS|TAMS 0x000000009b400000, 0x000000009b400000| Complete 
| 437|0x000000009b500000, 0x000000009b600000, 0x000000009b600000|100%| E|CS|TAMS 0x000000009b500000, 0x000000009b500000| Complete 
| 438|0x000000009b600000, 0x000000009b700000, 0x000000009b700000|100%| E|CS|TAMS 0x000000009b600000, 0x000000009b600000| Complete 
| 439|0x000000009b700000, 0x000000009b800000, 0x000000009b800000|100%| E|CS|TAMS 0x000000009b700000, 0x000000009b700000| Complete 
| 440|0x000000009b800000, 0x000000009b900000, 0x000000009b900000|100%| E|CS|TAMS 0x000000009b800000, 0x000000009b800000| Complete 
| 441|0x000000009b900000, 0x000000009ba00000, 0x000000009ba00000|100%| E|CS|TAMS 0x000000009b900000, 0x000000009b900000| Complete 
| 442|0x000000009ba00000, 0x000000009bb00000, 0x000000009bb00000|100%| E|CS|TAMS 0x000000009ba00000, 0x000000009ba00000| Complete 
| 443|0x000000009bb00000, 0x000000009bc00000, 0x000000009bc00000|100%| E|CS|TAMS 0x000000009bb00000, 0x000000009bb00000| Complete 
| 444|0x000000009bc00000, 0x000000009bd00000, 0x000000009bd00000|100%| E|CS|TAMS 0x000000009bc00000, 0x000000009bc00000| Complete 
| 445|0x000000009bd00000, 0x000000009be00000, 0x000000009be00000|100%| E|CS|TAMS 0x000000009bd00000, 0x000000009bd00000| Complete 
| 446|0x000000009be00000, 0x000000009bf00000, 0x000000009bf00000|100%| E|  |TAMS 0x000000009be00000, 0x000000009be00000| Complete 
| 447|0x000000009bf00000, 0x000000009c000000, 0x000000009c000000|100%| E|CS|TAMS 0x000000009bf00000, 0x000000009bf00000| Complete 
| 448|0x000000009c000000, 0x000000009c100000, 0x000000009c100000|100%| E|CS|TAMS 0x000000009c000000, 0x000000009c000000| Complete 
| 449|0x000000009c100000, 0x000000009c200000, 0x000000009c200000|100%| E|CS|TAMS 0x000000009c100000, 0x000000009c100000| Complete 
| 450|0x000000009c200000, 0x000000009c300000, 0x000000009c300000|100%| E|CS|TAMS 0x000000009c200000, 0x000000009c200000| Complete 
| 451|0x000000009c300000, 0x000000009c400000, 0x000000009c400000|100%| E|CS|TAMS 0x000000009c300000, 0x000000009c300000| Complete 
| 452|0x000000009c400000, 0x000000009c500000, 0x000000009c500000|100%| E|CS|TAMS 0x000000009c400000, 0x000000009c400000| Complete 
| 453|0x000000009c500000, 0x000000009c600000, 0x000000009c600000|100%| E|CS|TAMS 0x000000009c500000, 0x000000009c500000| Complete 
| 454|0x000000009c600000, 0x000000009c700000, 0x000000009c700000|100%| E|CS|TAMS 0x000000009c600000, 0x000000009c600000| Complete 
| 455|0x000000009c700000, 0x000000009c800000, 0x000000009c800000|100%| E|CS|TAMS 0x000000009c700000, 0x000000009c700000| Complete 
| 456|0x000000009c800000, 0x000000009c900000, 0x000000009c900000|100%| E|CS|TAMS 0x000000009c800000, 0x000000009c800000| Complete 
| 457|0x000000009c900000, 0x000000009ca00000, 0x000000009ca00000|100%| E|CS|TAMS 0x000000009c900000, 0x000000009c900000| Complete 

Card table byte_map: [0x0000026de4630000,0x0000026de4a30000] _byte_map_base: 0x0000026de4230000

Marking Bits (Prev, Next): (CMBitMap*) 0x0000026dcd9d6130, (CMBitMap*) 0x0000026dcd9d60f0
 Prev Bits: [0x0000026de6e30000, 0x0000026de8e30000)
 Next Bits: [0x0000026de4e30000, 0x0000026de6e30000)

Polling page: 0x0000026dcd140000

Metaspace:

Usage:
  Non-class:    132.38 MB used.
      Class:     19.78 MB used.
       Both:    152.17 MB used.

Virtual space:
  Non-class space:      192.00 MB reserved,     133.00 MB ( 69%) committed,  3 nodes.
      Class space:      416.00 MB reserved,      20.31 MB (  5%) committed,  1 nodes.
             Both:      608.00 MB reserved,     153.31 MB ( 25%) committed. 

Chunk freelists:
   Non-Class:  10.97 MB
       Class:  11.66 MB
        Both:  22.63 MB

MaxMetaspaceSize: 512.00 MB
CompressedClassSpaceSize: 416.00 MB
Initial GC threshold: 21.00 MB
Current GC threshold: 170.00 MB
CDS: on
MetaspaceReclaimPolicy: balanced
 - commit_granule_bytes: 65536.
 - commit_granule_words: 8192.
 - virtual_space_node_default_size: 8388608.
 - enlarge_chunks_in_place: 1.
 - new_chunks_are_fully_committed: 0.
 - uncommit_free_chunks: 1.
 - use_allocation_guard: 0.
 - handle_deallocations: 1.


Internal statistics:

num_allocs_failed_limit: 12.
num_arena_births: 1748.
num_arena_deaths: 0.
num_vsnodes_births: 4.
num_vsnodes_deaths: 0.
num_space_committed: 2451.
num_space_uncommitted: 0.
num_chunks_returned_to_freelist: 12.
num_chunks_taken_from_freelist: 8118.
num_chunk_merges: 12.
num_chunk_splits: 5706.
num_chunks_enlarged: 4132.
num_inconsistent_stats: 0.

CodeHeap 'non-profiled nmethods': size=120000Kb used=9250Kb max_used=9250Kb free=110749Kb
 bounds [0x0000026ddcd00000, 0x0000026ddd610000, 0x0000026de4230000]
CodeHeap 'profiled nmethods': size=120000Kb used=31290Kb max_used=31290Kb free=88709Kb
 bounds [0x0000026dd5230000, 0x0000026dd70d0000, 0x0000026ddc760000]
CodeHeap 'non-nmethods': size=5760Kb used=2603Kb max_used=2667Kb free=3156Kb
 bounds [0x0000026ddc760000, 0x0000026ddca20000, 0x0000026ddcd00000]
 total_blobs=16046 nmethods=14870 adapters=1084
 compilation: enabled
              stopped_count=0, restarted_count=0
 full_count=0

Compilation events (20 events):
Event: 89.509 Thread 0x0000026deb2e3500 17711       2       jdk.internal.reflect.Reflection::verifyModuleAccess (24 bytes)
Event: 89.510 Thread 0x0000026deb2e3500 nmethod 17711 0x0000026dd70bd190 code [0x0000026dd70bd360, 0x0000026dd70bd678]
Event: 89.510 Thread 0x0000026deb2e3500 17710       3       org.gradle.internal.instantiation.generator.AbstractClassGenerator::hasNestedAnnotation (23 bytes)
Event: 89.510 Thread 0x0000026deb2e3500 nmethod 17710 0x0000026dd70bd810 code [0x0000026dd70bda80, 0x0000026dd70be678]
Event: 89.635 Thread 0x0000026dfa4ecf40 nmethod 17685 0x0000026ddd5ebf10 code [0x0000026ddd5ec3a0, 0x0000026ddd5efe80]
Event: 89.635 Thread 0x0000026dfa4ecf40 17687       4       java.lang.Class::annotationData (44 bytes)
Event: 89.806 Thread 0x0000026deb2e3500 17712       3       org.gradle.api.internal.artifacts.configurations.DefaultLegacyConfiguration_Decorated::getExtendsFrom (40 bytes)
Event: 89.807 Thread 0x0000026deb2e3500 nmethod 17712 0x0000026dd70bea90 code [0x0000026dd70bed00, 0x0000026dd70bf8d8]
Event: 89.827 Thread 0x0000026deb2e23a0 nmethod 17684 0x0000026ddd5f2390 code [0x0000026ddd5f3060, 0x0000026ddd5ff950]
Event: 89.828 Thread 0x0000026deb2e23a0 17708       4       org.gradle.internal.instantiation.generator.AbstractClassGenerator$DslMixInPropertyType::visitInstanceMethod (100 bytes)
Event: 89.836 Thread 0x0000026deb2e23a0 nmethod 17708 0x0000026ddd605c10 code [0x0000026ddd605e00, 0x0000026ddd606568]
Event: 89.839 Thread 0x0000026deb2e23a0 17713       4       com.google.common.collect.AbstractIndexedListIterator::hasNext (17 bytes)
Event: 89.839 Thread 0x0000026deb2e23a0 nmethod 17713 0x0000026ddd606a90 code [0x0000026ddd606c00, 0x0000026ddd606c98]
Event: 89.852 Thread 0x0000026deb2e23a0 17714       4       sun.reflect.generics.visitor.Reifier::getResult (26 bytes)
Event: 89.852 Thread 0x0000026deb2e23a0 nmethod 17714 0x0000026ddd606d90 code [0x0000026ddd606f00, 0x0000026ddd606f78]
Event: 89.853 Thread 0x0000026deb2e23a0 17715       4       org.objectweb.asm.ByteVector::encodeUtf8 (337 bytes)
Event: 89.853 Thread 0x0000026deb2e3500 17717       3       org.objectweb.asm.MethodWriter::visitFieldInsn (258 bytes)
Event: 89.854 Thread 0x0000026deb2e3500 nmethod 17717 0x0000026dd70bfc90 code [0x0000026dd70bff00, 0x0000026dd70c0b28]
Event: 89.857 Thread 0x0000026deb2e3500 17718   !   2       java.util.stream.ReferencePipeline$7$1::accept (127 bytes)
Event: 89.858 Thread 0x0000026deb2e3500 nmethod 17718 0x0000026dd70c0f10 code [0x0000026dd70c1140, 0x0000026dd70c1678]

GC Heap History (20 events):
Event: 74.638 GC heap before
{Heap before GC invocations=67 (full 0):
 garbage-first heap   total 187392K, used 132064K [0x0000000080000000, 0x0000000100000000)
  region size 1024K, 7 young (7168K), 3 survivors (3072K)
 Metaspace       used 97662K, committed 98688K, reserved 557056K
  class space    used 13835K, committed 14336K, reserved 425984K
}
Event: 74.641 GC heap after
{Heap after GC invocations=68 (full 0):
 garbage-first heap   total 187392K, used 129362K [0x0000000080000000, 0x0000000100000000)
  region size 1024K, 3 young (3072K), 3 survivors (3072K)
 Metaspace       used 97662K, committed 98688K, reserved 557056K
  class space    used 13835K, committed 14336K, reserved 425984K
}
Event: 75.327 GC heap before
{Heap before GC invocations=69 (full 0):
 garbage-first heap   total 230400K, used 158034K [0x0000000080000000, 0x0000000100000000)
  region size 1024K, 31 young (31744K), 3 survivors (3072K)
 Metaspace       used 98232K, committed 99264K, reserved 557056K
  class space    used 13926K, committed 14400K, reserved 425984K
}
Event: 75.334 GC heap after
{Heap after GC invocations=70 (full 0):
 garbage-first heap   total 230400K, used 133327K [0x0000000080000000, 0x0000000100000000)
  region size 1024K, 4 young (4096K), 4 survivors (4096K)
 Metaspace       used 98232K, committed 99264K, reserved 557056K
  class space    used 13926K, committed 14400K, reserved 425984K
}
Event: 75.525 GC heap before
{Heap before GC invocations=70 (full 0):
 garbage-first heap   total 230400K, used 140495K [0x0000000080000000, 0x0000000100000000)
  region size 1024K, 11 young (11264K), 4 survivors (4096K)
 Metaspace       used 98232K, committed 99264K, reserved 557056K
  class space    used 13926K, committed 14400K, reserved 425984K
}
Event: 75.533 GC heap after
{Heap after GC invocations=71 (full 0):
 garbage-first heap   total 230400K, used 127857K [0x0000000080000000, 0x0000000100000000)
  region size 1024K, 2 young (2048K), 2 survivors (2048K)
 Metaspace       used 98232K, committed 99264K, reserved 557056K
  class space    used 13926K, committed 14400K, reserved 425984K
}
Event: 76.978 GC heap before
{Heap before GC invocations=71 (full 0):
 garbage-first heap   total 230400K, used 192369K [0x0000000080000000, 0x0000000100000000)
  region size 1024K, 65 young (66560K), 2 survivors (2048K)
 Metaspace       used 102212K, committed 103232K, reserved 557056K
  class space    used 14456K, committed 14976K, reserved 425984K
}
Event: 76.983 GC heap after
{Heap after GC invocations=72 (full 0):
 garbage-first heap   total 230400K, used 130142K [0x0000000080000000, 0x0000000100000000)
  region size 1024K, 5 young (5120K), 5 survivors (5120K)
 Metaspace       used 102212K, committed 103232K, reserved 557056K
  class space    used 14456K, committed 14976K, reserved 425984K
}
Event: 77.967 GC heap before
{Heap before GC invocations=73 (full 0):
 garbage-first heap   total 234496K, used 198750K [0x0000000080000000, 0x0000000100000000)
  region size 1024K, 65 young (66560K), 5 survivors (5120K)
 Metaspace       used 109185K, committed 110272K, reserved 557056K
  class space    used 15279K, committed 15808K, reserved 425984K
}
Event: 77.974 GC heap after
{Heap after GC invocations=74 (full 0):
 garbage-first heap   total 234496K, used 140492K [0x0000000080000000, 0x0000000100000000)
  region size 1024K, 8 young (8192K), 8 survivors (8192K)
 Metaspace       used 109185K, committed 110272K, reserved 557056K
  class space    used 15279K, committed 15808K, reserved 425984K
}
Event: 77.991 GC heap before
{Heap before GC invocations=74 (full 0):
 garbage-first heap   total 234496K, used 143564K [0x0000000080000000, 0x0000000100000000)
  region size 1024K, 11 young (11264K), 8 survivors (8192K)
 Metaspace       used 109185K, committed 110272K, reserved 557056K
  class space    used 15279K, committed 15808K, reserved 425984K
}
Event: 78.000 GC heap after
{Heap after GC invocations=75 (full 0):
 garbage-first heap   total 234496K, used 137760K [0x0000000080000000, 0x0000000100000000)
  region size 1024K, 1 young (1024K), 1 survivors (1024K)
 Metaspace       used 109185K, committed 110272K, reserved 557056K
  class space    used 15279K, committed 15808K, reserved 425984K
}
Event: 78.595 GC heap before
{Heap before GC invocations=75 (full 0):
 garbage-first heap   total 234496K, used 198176K [0x0000000080000000, 0x0000000100000000)
  region size 1024K, 60 young (61440K), 1 survivors (1024K)
 Metaspace       used 109306K, committed 110400K, reserved 557056K
  class space    used 15284K, committed 15808K, reserved 425984K
}
Event: 78.615 GC heap after
{Heap after GC invocations=76 (full 0):
 garbage-first heap   total 234496K, used 150528K [0x0000000080000000, 0x0000000100000000)
  region size 1024K, 8 young (8192K), 8 survivors (8192K)
 Metaspace       used 109306K, committed 110400K, reserved 557056K
  class space    used 15284K, committed 15808K, reserved 425984K
}
Event: 79.064 GC heap before
{Heap before GC invocations=76 (full 0):
 garbage-first heap   total 234496K, used 190464K [0x0000000080000000, 0x0000000100000000)
  region size 1024K, 47 young (48128K), 8 survivors (8192K)
 Metaspace       used 112129K, committed 113152K, reserved 557056K
  class space    used 15624K, committed 16128K, reserved 425984K
}
Event: 79.079 GC heap after
{Heap after GC invocations=77 (full 0):
 garbage-first heap   total 468992K, used 157163K [0x0000000080000000, 0x0000000100000000)
  region size 1024K, 5 young (5120K), 5 survivors (5120K)
 Metaspace       used 112129K, committed 113152K, reserved 557056K
  class space    used 15624K, committed 16128K, reserved 425984K
}
Event: 82.178 GC heap before
{Heap before GC invocations=77 (full 0):
 garbage-first heap   total 468992K, used 338411K [0x0000000080000000, 0x0000000100000000)
  region size 1024K, 174 young (178176K), 5 survivors (5120K)
 Metaspace       used 128068K, committed 129152K, reserved 557056K
  class space    used 17385K, committed 17920K, reserved 425984K
}
Event: 82.208 GC heap after
{Heap after GC invocations=78 (full 0):
 garbage-first heap   total 468992K, used 174326K [0x0000000080000000, 0x0000000100000000)
  region size 1024K, 15 young (15360K), 15 survivors (15360K)
 Metaspace       used 128068K, committed 129152K, reserved 557056K
  class space    used 17385K, committed 17920K, reserved 425984K
}
Event: 86.535 GC heap before
{Heap before GC invocations=78 (full 0):
 garbage-first heap   total 468992K, used 362742K [0x0000000080000000, 0x0000000100000000)
  region size 1024K, 199 young (203776K), 15 survivors (15360K)
 Metaspace       used 138483K, committed 139648K, reserved 557056K
  class space    used 18474K, committed 19008K, reserved 425984K
}
Event: 86.566 GC heap after
{Heap after GC invocations=79 (full 0):
 garbage-first heap   total 468992K, used 189977K [0x0000000080000000, 0x0000000100000000)
  region size 1024K, 25 young (25600K), 25 survivors (25600K)
 Metaspace       used 138483K, committed 139648K, reserved 557056K
  class space    used 18474K, committed 19008K, reserved 425984K
}

Deoptimization events (20 events):
Event: 88.618 Thread 0x0000026df1a2a5a0 Uncommon trap: trap_request=0xffffffc6 fr.pc=0x0000026ddd248880 relative=0x00000000000002c0
Event: 88.618 Thread 0x0000026df1a2a5a0 Uncommon trap: reason=bimorphic_or_optimized_type_check action=maybe_recompile pc=0x0000026ddd248880 method=org.gradle.internal.snapshot.ChildMapFactory.childMapFromSorted(Ljava/util/List;)Lorg/gradle/internal/snapshot/ChildMap; @ 1 c2
Event: 88.618 Thread 0x0000026df1a2a5a0 DEOPT PACKING pc=0x0000026ddd248880 sp=0x000000d16f5f4e80
Event: 88.618 Thread 0x0000026df1a2a5a0 DEOPT UNPACKING pc=0x0000026ddc7b23a3 sp=0x000000d16f5f4e48 mode 2
Event: 88.760 Thread 0x0000026df1a2a5a0 DEOPT PACKING pc=0x0000026dd6533e5d sp=0x000000d16f5f4f10
Event: 88.760 Thread 0x0000026df1a2a5a0 DEOPT UNPACKING pc=0x0000026ddc7b2b43 sp=0x000000d16f5f4448 mode 0
Event: 88.767 Thread 0x0000026df1a2a5a0 DEOPT PACKING pc=0x0000026dd6533e5d sp=0x000000d16f5f4f10
Event: 88.767 Thread 0x0000026df1a2a5a0 DEOPT UNPACKING pc=0x0000026ddc7b2b43 sp=0x000000d16f5f4448 mode 0
Event: 88.771 Thread 0x0000026df1a2a5a0 DEOPT PACKING pc=0x0000026dd6533e5d sp=0x000000d16f5f4160
Event: 88.771 Thread 0x0000026df1a2a5a0 DEOPT UNPACKING pc=0x0000026ddc7b2b43 sp=0x000000d16f5f3698 mode 0
Event: 88.774 Thread 0x0000026df1a2a5a0 DEOPT PACKING pc=0x0000026dd6533e05 sp=0x000000d16f5f4d50
Event: 88.774 Thread 0x0000026df1a2a5a0 DEOPT UNPACKING pc=0x0000026ddc7b2b43 sp=0x000000d16f5f4288 mode 0
Event: 88.779 Thread 0x0000026df1a2a5a0 DEOPT PACKING pc=0x0000026dd6533e05 sp=0x000000d16f5f4750
Event: 88.779 Thread 0x0000026df1a2a5a0 DEOPT UNPACKING pc=0x0000026ddc7b2b43 sp=0x000000d16f5f3c88 mode 0
Event: 88.789 Thread 0x0000026df1a2a5a0 DEOPT PACKING pc=0x0000026dd6533e5d sp=0x000000d16f5f4750
Event: 88.789 Thread 0x0000026df1a2a5a0 DEOPT UNPACKING pc=0x0000026ddc7b2b43 sp=0x000000d16f5f3c88 mode 0
Event: 88.792 Thread 0x0000026df1a2a5a0 DEOPT PACKING pc=0x0000026dd6533e05 sp=0x000000d16f5f4f20
Event: 88.792 Thread 0x0000026df1a2a5a0 DEOPT UNPACKING pc=0x0000026ddc7b2b43 sp=0x000000d16f5f4458 mode 0
Event: 89.853 Thread 0x0000026df1a2a5a0 DEOPT PACKING pc=0x0000026dd667135c sp=0x000000d16f5f4980
Event: 89.853 Thread 0x0000026df1a2a5a0 DEOPT UNPACKING pc=0x0000026ddc7b2b43 sp=0x000000d16f5f3e98 mode 0

Classes unloaded (0 events):
No events

Classes redefined (0 events):
No events

Internal exceptions (20 events):
Event: 86.642 Thread 0x0000026df1a2a5a0 Exception <a 'java/lang/NoSuchMethodError'{0x000000009c47f0d8}: 'java.lang.Object java.lang.invoke.DirectMethodHandle$Holder.invokeStatic(java.lang.Object, java.lang.Object, int, int, java.lang.Object)'> (0x000000009c47f0d8) 
thrown [s\open\src\hotspot\share\interpreter\linkResolver.cpp, line 759]
Event: 86.686 Thread 0x0000026df1a2a5a0 Exception <a 'java/lang/NoSuchMethodError'{0x000000009c1982b8}: 'java.lang.Object java.lang.invoke.DirectMethodHandle$Holder.newInvokeSpecial(java.lang.Object, java.lang.Object, java.lang.Object, int, int, java.lang.Object, java.lang.Object)'> (0x000000009c1982b8) 
thrown [s\open\src\hotspot\share\interpreter\linkResolver.cpp, line 759]
Event: 86.687 Thread 0x0000026df1a2a5a0 Exception <a 'java/lang/NoSuchMethodError'{0x000000009c1a1ee8}: 'java.lang.Object java.lang.invoke.Invokers$Holder.linkToTargetMethod(java.lang.Object, java.lang.Object, int, int, java.lang.Object, java.lang.Object, java.lang.Object)'> (0x000000009c1a1ee8) 
thrown [s\open\src\hotspot\share\interpreter\linkResolver.cpp, line 759]
Event: 86.834 Thread 0x0000026df1a2a5a0 Exception <a 'java/lang/NoSuchMethodError'{0x000000009b61e750}: 'java.lang.Object java.lang.invoke.DirectMethodHandle$Holder.invokeStatic(java.lang.Object, int, java.lang.Object, java.lang.Object, java.lang.Object)'> (0x000000009b61e750) 
thrown [s\open\src\hotspot\share\interpreter\linkResolver.cpp, line 759]
Event: 86.835 Thread 0x0000026df1a2a5a0 Exception <a 'java/lang/NoSuchMethodError'{0x000000009b623ff0}: 'java.lang.Object java.lang.invoke.DirectMethodHandle$Holder.invokeStaticInit(java.lang.Object, int, java.lang.Object, java.lang.Object, java.lang.Object)'> (0x000000009b623ff0) 
thrown [s\open\src\hotspot\share\interpreter\linkResolver.cpp, line 759]
Event: 87.146 Thread 0x0000026df1a2a5a0 Exception <a 'java/lang/NoSuchMethodError'{0x0000000099f2e6b8}: 'java.lang.Object java.lang.invoke.DirectMethodHandle$Holder.invokeSpecial(java.lang.Object, java.lang.Object, int, java.lang.Object, int)'> (0x0000000099f2e6b8) 
thrown [s\open\src\hotspot\share\interpreter\linkResolver.cpp, line 759]
Event: 87.436 Thread 0x0000026df1a2a5a0 Exception <a 'java/lang/NoSuchMethodError'{0x0000000098f3ce18}: 'java.lang.Object java.lang.invoke.DirectMethodHandle$Holder.invokeStatic(java.lang.Object, java.lang.Object, int, java.lang.Object, java.lang.Object)'> (0x0000000098f3ce18) 
thrown [s\open\src\hotspot\share\interpreter\linkResolver.cpp, line 759]
Event: 88.173 Thread 0x0000026df1a2a5a0 Exception <a 'java/lang/NoSuchMethodError'{0x000000009700ed20}: 'java.lang.Object java.lang.invoke.DirectMethodHandle$Holder.invokeStatic(java.lang.Object, java.lang.Object, int, int)'> (0x000000009700ed20) 
thrown [s\open\src\hotspot\share\interpreter\linkResolver.cpp, line 759]
Event: 88.188 Thread 0x0000026df1a2a5a0 Exception <a 'java/lang/NoSuchMethodError'{0x00000000970d1360}: 'java.lang.Object java.lang.invoke.DirectMethodHandle$Holder.invokeStatic(java.lang.Object, int, int)'> (0x00000000970d1360) 
thrown [s\open\src\hotspot\share\interpreter\linkResolver.cpp, line 759]
Event: 88.542 Thread 0x0000026df1a2a5a0 Exception <a 'sun/nio/fs/WindowsException'{0x0000000096098708}> (0x0000000096098708) 
thrown [s\open\src\hotspot\share\prims\jni.cpp, line 516]
Event: 88.543 Thread 0x0000026df1a2a5a0 Exception <a 'sun/nio/fs/WindowsException'{0x000000009609a888}> (0x000000009609a888) 
thrown [s\open\src\hotspot\share\prims\jni.cpp, line 516]
Event: 88.545 Thread 0x0000026df1a2a5a0 Exception <a 'sun/nio/fs/WindowsException'{0x00000000960a52f8}> (0x00000000960a52f8) 
thrown [s\open\src\hotspot\share\prims\jni.cpp, line 516]
Event: 88.549 Thread 0x0000026df1a2a5a0 Exception <a 'sun/nio/fs/WindowsException'{0x00000000960ae468}> (0x00000000960ae468) 
thrown [s\open\src\hotspot\share\prims\jni.cpp, line 516]
Event: 88.551 Thread 0x0000026df1a2a5a0 Exception <a 'sun/nio/fs/WindowsException'{0x00000000960ba388}> (0x00000000960ba388) 
thrown [s\open\src\hotspot\share\prims\jni.cpp, line 516]
Event: 88.553 Thread 0x0000026df1a2a5a0 Exception <a 'sun/nio/fs/WindowsException'{0x00000000960c3d88}> (0x00000000960c3d88) 
thrown [s\open\src\hotspot\share\prims\jni.cpp, line 516]
Event: 88.554 Thread 0x0000026df1a2a5a0 Exception <a 'sun/nio/fs/WindowsException'{0x00000000960cd928}> (0x00000000960cd928) 
thrown [s\open\src\hotspot\share\prims\jni.cpp, line 516]
Event: 88.557 Thread 0x0000026df1a2a5a0 Exception <a 'sun/nio/fs/WindowsException'{0x00000000960da688}> (0x00000000960da688) 
thrown [s\open\src\hotspot\share\prims\jni.cpp, line 516]
Event: 88.558 Thread 0x0000026df1a2a5a0 Exception <a 'sun/nio/fs/WindowsException'{0x00000000960e2350}> (0x00000000960e2350) 
thrown [s\open\src\hotspot\share\prims\jni.cpp, line 516]
Event: 88.560 Thread 0x0000026df1a2a5a0 Exception <a 'sun/nio/fs/WindowsException'{0x00000000960ebdc0}> (0x00000000960ebdc0) 
thrown [s\open\src\hotspot\share\prims\jni.cpp, line 516]
Event: 88.567 Thread 0x0000026df1a2a5a0 Exception <a 'sun/nio/fs/WindowsException'{0x00000000960ff840}> (0x00000000960ff840) 
thrown [s\open\src\hotspot\share\prims\jni.cpp, line 516]

VM Operations (20 events):
Event: 87.478 Executing VM operation: ICBufferFull
Event: 87.478 Executing VM operation: ICBufferFull done
Event: 87.479 Executing VM operation: HandshakeAllThreads
Event: 87.479 Executing VM operation: HandshakeAllThreads done
Event: 87.574 Executing VM operation: HandshakeAllThreads
Event: 87.574 Executing VM operation: HandshakeAllThreads done
Event: 87.583 Executing VM operation: ICBufferFull
Event: 87.584 Executing VM operation: ICBufferFull done
Event: 87.912 Executing VM operation: ICBufferFull
Event: 87.912 Executing VM operation: ICBufferFull done
Event: 88.229 Executing VM operation: HandshakeAllThreads
Event: 88.229 Executing VM operation: HandshakeAllThreads done
Event: 88.252 Executing VM operation: HandshakeAllThreads
Event: 88.252 Executing VM operation: HandshakeAllThreads done
Event: 88.532 Executing VM operation: HandshakeAllThreads
Event: 88.532 Executing VM operation: HandshakeAllThreads done
Event: 88.566 Executing VM operation: ICBufferFull
Event: 88.566 Executing VM operation: ICBufferFull done
Event: 89.353 Executing VM operation: HandshakeAllThreads
Event: 89.354 Executing VM operation: HandshakeAllThreads done

Events (20 events):
Event: 85.909 loading class java/text/ChoiceFormat
Event: 85.909 loading class java/text/ChoiceFormat done
Event: 85.931 loading class java/text/MessageFormat$Field
Event: 85.931 loading class java/text/MessageFormat$Field done
Event: 86.226 Thread 0x0000026df59a5650 Thread exited: 0x0000026df59a5650
Event: 86.431 Thread 0x0000026dfa58b450 Thread added: 0x0000026dfa58b450
Event: 86.568 Thread 0x0000026dfa58b450 Thread exited: 0x0000026dfa58b450
Event: 87.189 Thread 0x0000026dfb61ea50 Thread added: 0x0000026dfb61ea50
Event: 87.491 Thread 0x0000026deb3020b0 flushing nmethod 0x0000026dd5c65e10
Event: 87.496 Thread 0x0000026deb3020b0 flushing nmethod 0x0000026dd6311390
Event: 87.499 Thread 0x0000026deb3020b0 flushing nmethod 0x0000026dd68af610
Event: 87.500 Thread 0x0000026deb3020b0 flushing nmethod 0x0000026dd69a6690
Event: 87.501 Thread 0x0000026deb3020b0 flushing nmethod 0x0000026dd6bf7990
Event: 87.502 Thread 0x0000026deb3020b0 flushing nmethod 0x0000026dd6c78390
Event: 87.700 Thread 0x0000026dfb61ea50 Thread exited: 0x0000026dfb61ea50
Event: 88.338 loading class java/util/Vector$Itr
Event: 88.338 loading class java/util/Vector$Itr done
Event: 88.562 loading class java/util/zip/ZipInputStream
Event: 88.564 loading class java/util/zip/ZipInputStream done
Event: 88.769 Thread 0x0000026dfa4ecf40 Thread added: 0x0000026dfa4ecf40


Dynamic libraries:
0x00007ff6edaf0000 - 0x00007ff6edb00000 	C:\Program Files\Java\jdk-17\bin\java.exe
0x00007ff8f4640000 - 0x00007ff8f4830000 	C:\Windows\SYSTEM32\ntdll.dll
0x00007ff8f40c0000 - 0x00007ff8f4172000 	C:\Windows\System32\KERNEL32.DLL
0x00007ff8f1e80000 - 0x00007ff8f2125000 	C:\Windows\System32\KERNELBASE.dll
0x00007ff8f1600000 - 0x00007ff8f16fa000 	C:\Windows\System32\ucrtbase.dll
0x00007ff8dcda0000 - 0x00007ff8dcdb9000 	C:\Program Files\Java\jdk-17\bin\jli.dll
0x00007ff8c5530000 - 0x00007ff8c554b000 	C:\Program Files\Java\jdk-17\bin\VCRUNTIME140.dll
0x00007ff8f2900000 - 0x00007ff8f29a3000 	C:\Windows\System32\ADVAPI32.dll
0x00007ff8f2790000 - 0x00007ff8f282e000 	C:\Windows\System32\msvcrt.dll
0x00007ff8f26f0000 - 0x00007ff8f2787000 	C:\Windows\System32\sechost.dll
0x00007ff8f3440000 - 0x00007ff8f355f000 	C:\Windows\System32\RPCRT4.dll
0x00007ff8f32a0000 - 0x00007ff8f3434000 	C:\Windows\System32\USER32.dll
0x00007ff8e3670000 - 0x00007ff8e38f4000 	C:\Windows\WinSxS\amd64_microsoft.windows.common-controls_6595b64144ccf1df_6.0.18362.1556_none_9e7e372fe45e41d5\COMCTL32.dll
0x00007ff8f4180000 - 0x00007ff8f44b6000 	C:\Windows\System32\combase.dll
0x00007ff8f25e0000 - 0x00007ff8f2661000 	C:\Windows\System32\bcryptPrimitives.dll
0x00007ff8f4520000 - 0x00007ff8f4546000 	C:\Windows\System32\GDI32.dll
0x00007ff8f2670000 - 0x00007ff8f2691000 	C:\Windows\System32\win32u.dll
0x00007ff8f2390000 - 0x00007ff8f2528000 	C:\Windows\System32\gdi32full.dll
0x00007ff8f2290000 - 0x00007ff8f232e000 	C:\Windows\System32\msvcp_win.dll
0x00007ff8e6ed0000 - 0x00007ff8e6eda000 	C:\Windows\SYSTEM32\VERSION.dll
0x00007ff8f2c60000 - 0x00007ff8f2c8e000 	C:\Windows\System32\IMM32.DLL
0x00007ff8dcd90000 - 0x00007ff8dcd9c000 	C:\Program Files\Java\jdk-17\bin\vcruntime140_1.dll
0x00007ff8ac640000 - 0x00007ff8ac6ce000 	C:\Program Files\Java\jdk-17\bin\msvcp140.dll
0x00007ff8905c0000 - 0x00007ff8911a0000 	C:\Program Files\Java\jdk-17\bin\server\jvm.dll
0x00007ff8f29b0000 - 0x00007ff8f29b8000 	C:\Windows\System32\PSAPI.DLL
0x00007ff8daa30000 - 0x00007ff8daa39000 	C:\Windows\SYSTEM32\WSOCK32.dll
0x00007ff8ef450000 - 0x00007ff8ef474000 	C:\Windows\SYSTEM32\WINMM.dll
0x00007ff8f2c90000 - 0x00007ff8f2cff000 	C:\Windows\System32\WS2_32.dll
0x00007ff8ef420000 - 0x00007ff8ef44d000 	C:\Windows\SYSTEM32\WINMMBASE.dll
0x00007ff8f15b0000 - 0x00007ff8f15fa000 	C:\Windows\System32\cfgmgr32.dll
0x00007ff8f1500000 - 0x00007ff8f1511000 	C:\Windows\System32\kernel.appcore.dll
0x00007ff8da350000 - 0x00007ff8da35a000 	C:\Program Files\Java\jdk-17\bin\jimage.dll
0x00007ff8e24a0000 - 0x00007ff8e2694000 	C:\Windows\SYSTEM32\DBGHELP.DLL
0x00007ff8dfd60000 - 0x00007ff8dfd8a000 	C:\Windows\SYSTEM32\dbgcore.DLL
0x00007ff8d5860000 - 0x00007ff8d586e000 	C:\Program Files\Java\jdk-17\bin\instrument.dll
0x00007ff8b18c0000 - 0x00007ff8b18e5000 	C:\Program Files\Java\jdk-17\bin\java.dll
0x00007ff8ac310000 - 0x00007ff8ac3e7000 	C:\Program Files\Java\jdk-17\bin\jsvml.dll
0x00007ff8f3560000 - 0x00007ff8f3c47000 	C:\Windows\System32\SHELL32.dll
0x00007ff8f4550000 - 0x00007ff8f45f8000 	C:\Windows\System32\shcore.dll
0x00007ff8f1700000 - 0x00007ff8f1e7b000 	C:\Windows\System32\windows.storage.dll
0x00007ff8f1520000 - 0x00007ff8f153e000 	C:\Windows\System32\profapi.dll
0x00007ff8f1540000 - 0x00007ff8f158a000 	C:\Windows\System32\powrprof.dll
0x00007ff8f14f0000 - 0x00007ff8f1500000 	C:\Windows\System32\UMPDC.dll
0x00007ff8f44c0000 - 0x00007ff8f4512000 	C:\Windows\System32\shlwapi.dll
0x00007ff8f26d0000 - 0x00007ff8f26e7000 	C:\Windows\System32\cryptsp.dll
0x00007ff8c5510000 - 0x00007ff8c5528000 	C:\Program Files\Java\jdk-17\bin\zip.dll
0x00007ff8c4dd0000 - 0x00007ff8c4de9000 	C:\Program Files\Java\jdk-17\bin\net.dll
0x00007ff8ea080000 - 0x00007ff8ea17a000 	C:\Windows\SYSTEM32\WINHTTP.dll
0x00007ff8f0cd0000 - 0x00007ff8f0d37000 	C:\Windows\system32\mswsock.dll
0x00007ff8ae8b0000 - 0x00007ff8ae8c6000 	C:\Program Files\Java\jdk-17\bin\nio.dll
0x00007ff8d4010000 - 0x00007ff8d4020000 	C:\Program Files\Java\jdk-17\bin\verify.dll
0x00007ff8b1b00000 - 0x00007ff8b1b27000 	C:\Users\admin\.gradle\native\1def1411415f61bf3af743bc5b6707747c0891f09f0c88961ee8f79bc544acac\windows-amd64\native-platform.dll
0x00007ff8b1a80000 - 0x00007ff8b1af8000 	C:\Users\admin\.gradle\native\0.2.7\x86_64-windows-gnu\gradle-fileevents.dll
0x00007ff8c7400000 - 0x00007ff8c740a000 	C:\Program Files\Java\jdk-17\bin\management.dll
0x00007ff8c5310000 - 0x00007ff8c531b000 	C:\Program Files\Java\jdk-17\bin\management_ext.dll
0x00007ff8f09e0000 - 0x00007ff8f0a1a000 	C:\Windows\SYSTEM32\IPHLPAPI.DLL
0x00007ff8f2d90000 - 0x00007ff8f2d98000 	C:\Windows\System32\NSI.dll
0x00007ff8ebf50000 - 0x00007ff8ebf66000 	C:\Windows\SYSTEM32\dhcpcsvc6.DLL
0x00007ff8ebe80000 - 0x00007ff8ebe9c000 	C:\Windows\SYSTEM32\dhcpcsvc.DLL
0x00007ff8f0a20000 - 0x00007ff8f0aeb000 	C:\Windows\SYSTEM32\DNSAPI.dll
0x00007ff8f0850000 - 0x00007ff8f0883000 	C:\Windows\system32\rsaenh.dll
0x00007ff8f26a0000 - 0x00007ff8f26c6000 	C:\Windows\System32\bcrypt.dll
0x00007ff8f1410000 - 0x00007ff8f1435000 	C:\Windows\SYSTEM32\USERENV.dll
0x00007ff8f0ea0000 - 0x00007ff8f0eac000 	C:\Windows\SYSTEM32\CRYPTBASE.dll
0x00007ff8b9f20000 - 0x00007ff8b9f2e000 	C:\Program Files\Java\jdk-17\bin\sunmscapi.dll
0x00007ff8f2130000 - 0x00007ff8f2281000 	C:\Windows\System32\CRYPT32.dll
0x00007ff8f1590000 - 0x00007ff8f15a2000 	C:\Windows\System32\MSASN1.dll
0x00007ff8f0fb0000 - 0x00007ff8f0fd6000 	C:\Windows\SYSTEM32\ncrypt.dll
0x00007ff8f0f70000 - 0x00007ff8f0fab000 	C:\Windows\SYSTEM32\NTASN1.dll
0x00007ff8d44a0000 - 0x00007ff8d44a7000 	C:\Windows\system32\wshunix.dll
0x00007ff8de1f0000 - 0x00007ff8de206000 	C:\Windows\system32\napinsp.dll
0x00007ff8de0f0000 - 0x00007ff8de10a000 	C:\Windows\system32\pnrpnsp.dll
0x00007ff8de0e0000 - 0x00007ff8de0ee000 	C:\Windows\System32\winrnr.dll
0x00007ff8edb90000 - 0x00007ff8edbac000 	C:\Windows\system32\NLAapi.dll
0x00007ff8de0c0000 - 0x00007ff8de0d5000 	C:\Windows\system32\wshbth.dll
0x00007ff8e6ea0000 - 0x00007ff8e6eaa000 	C:\Windows\System32\rasadhlp.dll
0x00007ff8eb180000 - 0x00007ff8eb1f7000 	C:\Windows\System32\fwpuclnt.dll
0x00007ff8db050000 - 0x00007ff8db057000 	C:\Program Files\Java\jdk-17\bin\rmi.dll

dbghelp: loaded successfully - version: 4.0.5 - missing functions: none
symbol engine: initialized successfully - sym options: 0x614 - pdb path: .;C:\Program Files\Java\jdk-17\bin;C:\Windows\SYSTEM32;C:\Windows\WinSxS\amd64_microsoft.windows.common-controls_6595b64144ccf1df_6.0.18362.1556_none_9e7e372fe45e41d5;C:\Program Files\Java\jdk-17\bin\server;C:\Users\admin\.gradle\native\1def1411415f61bf3af743bc5b6707747c0891f09f0c88961ee8f79bc544acac\windows-amd64;C:\Users\admin\.gradle\native\0.2.7\x86_64-windows-gnu

VM Arguments:
jvm_args: --add-opens=java.base/java.lang=ALL-UNNAMED --add-opens=java.base/java.lang.invoke=ALL-UNNAMED --add-opens=java.base/java.util=ALL-UNNAMED --add-opens=java.prefs/java.util.prefs=ALL-UNNAMED --add-exports=jdk.compiler/com.sun.tools.javac.api=ALL-UNNAMED --add-exports=jdk.compiler/com.sun.tools.javac.util=ALL-UNNAMED --add-opens=java.base/java.util=ALL-UNNAMED --add-opens=java.prefs/java.util.prefs=ALL-UNNAMED --add-opens=java.base/java.nio.charset=ALL-UNNAMED --add-opens=java.base/java.net=ALL-UNNAMED --add-opens=java.base/java.util.concurrent.atomic=ALL-UNNAMED --add-opens=java.xml/javax.xml.namespace=ALL-UNNAMED -XX:MaxMetaspaceSize=512m -XX:+HeapDumpOnOutOfMemoryError -Xmx2048m -Dfile.encoding=UTF-8 -Duser.country=US -Duser.language=en -Duser.variant -javaagent:C:\Users\admin\.gradle\wrapper\dists\gradle-8.14-all\c2qonpi39x1mddn7hk5gh9iqj\gradle-8.14\lib\agents\gradle-instrumentation-agent-8.14.jar 
java_command: org.gradle.launcher.daemon.bootstrap.GradleDaemon 8.14
java_class_path (initial): C:\Users\admin\.gradle\wrapper\dists\gradle-8.14-all\c2qonpi39x1mddn7hk5gh9iqj\gradle-8.14\lib\gradle-daemon-main-8.14.jar
Launcher Type: SUN_STANDARD

[Global flags]
     intx CICompilerCount                          = 3                                         {product} {ergonomic}
   size_t CompressedClassSpaceSize                 = 436207616                                 {product} {ergonomic}
     uint ConcGCThreads                            = 1                                         {product} {ergonomic}
     uint G1ConcRefinementThreads                  = 4                                         {product} {ergonomic}
   size_t G1HeapRegionSize                         = 1048576                                   {product} {ergonomic}
    uintx GCDrainStackTargetSize                   = 64                                        {product} {ergonomic}
     bool HeapDumpOnOutOfMemoryError               = true                                   {manageable} {command line}
   size_t InitialHeapSize                          = 134217728                                 {product} {ergonomic}
   size_t MarkStackSize                            = 4194304                                   {product} {ergonomic}
   size_t MaxHeapSize                              = 2147483648                                {product} {command line}
   size_t MaxMetaspaceSize                         = 536870912                                 {product} {command line}
   size_t MaxNewSize                               = 1287651328                                {product} {ergonomic}
   size_t MinHeapDeltaBytes                        = 1048576                                   {product} {ergonomic}
   size_t MinHeapSize                              = 8388608                                   {product} {ergonomic}
    uintx NonNMethodCodeHeapSize                   = 5832780                                {pd product} {ergonomic}
    uintx NonProfiledCodeHeapSize                  = 122912730                              {pd product} {ergonomic}
    uintx ProfiledCodeHeapSize                     = 122912730                              {pd product} {ergonomic}
    uintx ReservedCodeCacheSize                    = 251658240                              {pd product} {ergonomic}
     bool SegmentedCodeCache                       = true                                      {product} {ergonomic}
   size_t SoftMaxHeapSize                          = 2147483648                             {manageable} {ergonomic}
     bool UseCompressedClassPointers               = true                           {product lp64_product} {ergonomic}
     bool UseCompressedOops                        = true                           {product lp64_product} {ergonomic}
     bool UseG1GC                                  = true                                      {product} {ergonomic}
     bool UseLargePagesIndividualAllocation        = false                                  {pd product} {ergonomic}

Logging:
Log output configuration:
 #0: stdout all=warning uptime,level,tags
 #1: stderr all=off uptime,level,tags

Environment Variables:
JAVA_HOME=C:\Program Files\Java\jdk-17
PATH=C:\Python314\Scripts\;C:\Python314\;C:\Windows\system32;C:\Windows;C:\Windows\System32\Wbem;C:\Windows\System32\WindowsPowerShell\v1.0\;C:\Windows\System32\OpenSSH\;C:\Program Files (x86)\Microsoft SQL Server\170\Tools\Binn\;C:\Program Files\Microsoft SQL Server\170\Tools\Binn\;C:\Program Files\Microsoft SQL Server\Client SDK\ODBC\180\Tools\Binn\;C:\Program Files\Microsoft SQL Server\170\DTS\Binn\;C:\Program Files\nodejs\;C:\ProgramData\chocolatey\bin;C:\Program Files\dotnet\;C:\Program Files\MySQL\MySQL Server 9.6\bin;C:\Program Files\Git\cmd;C:\Program Files\Java\jdk-17\bin;C:\Program Files\Common Files\Oracle\Java\javapath;C:\Program Files\Java\jdk-17\bin;C:\Users\admin\Downloads\Release-26.02.0-0\poppler-26.02.0\Library\bin;D:\program Files\cursor\resources\app\bin;C:\Users\admin\AppData\Local\Microsoft\WindowsApps;d:\Users\admin\AppData\Local\Programs\Microsoft VS Code\bin;C:\Users\admin\AppData\Roaming\npm;C:\Users\admin\.dotnet\tools;C:\flutter\bin;C:\Users\admin\AppData\Local\Programs\Antigravity\bin
USERNAME=admin
OS=Windows_NT
PROCESSOR_IDENTIFIER=Intel64 Family 6 Model 58 Stepping 9, GenuineIntel



---------------  S Y S T E M  ---------------

OS:
 Windows 10 , 64 bit Build 18362 (10.0.18362.1500)
OS uptime: 0 days 0:46 hours

CPU: total 4 (initial active 4) (4 cores per cpu, 1 threads per core) family 6 model 58 stepping 9 microcode 0x20, cx8, cmov, fxsr, mmx, sse, sse2, sse3, ssse3, sse4.1, sse4.2, popcnt, tsc, tscinvbit, avx, aes, erms, clmul, vzeroupper, clflush

Memory: 4k page, system-wide physical 8079M (494M free)
TotalPageFile size 15220M (AvailPageFile size 24M)
current process WorkingSet (physical memory assigned to process): 643M, peak: 649M
current process commit charge ("private bytes"): 885M, peak: 892M

vm_info: Java HotSpot(TM) 64-Bit Server VM (17.0.12+8-LTS-286) for windows-amd64 JRE (17.0.12+8-LTS-286), built on Jun  5 2024 06:46:59 by "mach5one" with MS VC++ 17.6 (VS2022)

END.
